last_name, first_name,player_id,year,b_ab,b_strikeout,b_walk,batting_avg,slg_percent,on_base_percent,b_rbi,b_total_bases,r_total_stolen_base,r_run,
Fabregas, Jorge,,2001,148,15,3,.223,.318,.229,16,47,0,9,
Long, Terrence,,2001,629,103,52,.283,.412,.335,85,259,9,90,
Counsell, Craig,,2001,458,76,61,.275,.362,.353,38,166,6,76,
Surhoff, B.J.,,2001,484,48,38,.271,.405,.320,58,196,9,68,
Bonds, Barry,,2001,476,93,177,.328,.863,.515,137,411,13,129,
Christensen, McKay,,2001,53,12,3,.321,.415,.400,7,22,3,7,
Bergeron, Peter,,2001,375,87,28,.211,.285,.269,16,107,10,53,
Rusch, Glendon,,2001,54,23,1,.056,.056,.066,5,3,0,0,
Palmeiro, Orlando,,2001,230,24,25,.243,.322,.311,23,74,6,29,
Wilkerson, Brad,,2001,117,41,17,.205,.325,.301,5,38,2,11,
Jackson, Ryan,,2001,118,26,5,.212,.331,.246,11,39,3,19,
Kotsay, Mark,,2001,406,58,48,.291,.441,.365,58,179,13,67,
Mayne, Brent,,2001,326,41,26,.285,.344,.334,40,112,1,28,
DeShields, Delino,,2001,351,77,59,.234,.353,.341,37,124,23,55,
Gwynn, Tony,,2001,102,9,10,.324,.461,.384,17,47,1,5,
Jarvis, Kevin,,2001,61,20,5,.180,.279,.230,10,17,0,8,
Villone, Ron,,2001,22,9,0,.045,.091,.038,0,2,0,2,
Casey, Sean,,2001,533,63,43,.310,.458,.369,89,244,3,69,
Ibanez, Raul,,2001,279,51,32,.280,.495,.353,54,138,0,44,
Martin, Al,,2001,283,59,37,.240,.382,.330,42,108,9,41,
Patterson, Corey,,2001,131,33,6,.221,.336,.262,14,44,4,26,
Singleton, Chris,,2001,392,61,20,.298,.431,.319,45,169,12,57,
Jennings, Jason,,2001,15,3,1,.267,.533,.294,2,8,0,2,
Edmonds, Jim,,2001,500,136,93,.304,.564,.410,110,282,5,95,
Selby, Bill,,2001,92,13,5,.228,.391,.270,12,36,0,7,
Anderson, Garret,,2001,672,100,27,.289,.478,.314,123,321,13,83,
Mientkiewicz, Doug,,2001,543,92,67,.306,.464,.387,74,252,2,77,
Cromer, D.T.,,2001,57,19,3,.281,.596,.302,12,34,0,7,
Magadan, Dave,,2001,128,20,12,.250,.328,.317,12,42,0,12,
Higginson, Bobby,,2001,541,65,80,.277,.445,.366,71,241,20,84,
Helton, Todd,,2001,587,104,98,.336,.685,.430,146,402,7,132,
Minor, Damon,,2001,45,8,3,.156,.178,.208,3,8,0,3,
Brown, Roosevelt,,2001,83,12,7,.265,.506,.326,22,42,0,13,
Mabry, John,,2001,154,46,13,.208,.370,.287,20,57,1,14,
Glavine, Tom,,2001,57,21,4,.140,.175,.154,2,10,0,4,
Lampkin, Tom,,2001,204,41,18,.225,.348,.307,22,71,1,28,
Schneider, Brian,,2001,41,3,6,.317,.463,.396,6,19,0,4,
Lawton III, Matt,,2001,559,80,85,.277,.415,.382,64,232,29,95,
Brown, Dee,,2001,380,81,22,.245,.350,.286,40,133,5,39,
Giles, Brian,,2001,576,67,90,.309,.590,.404,95,340,13,116,
Darr, Mike,,2001,289,72,39,.277,.349,.363,34,101,6,36,
Johnson, Nick,,2001,67,15,7,.194,.313,.308,8,21,0,6,
Kennedy, Adam,,2001,478,71,27,.270,.372,.314,40,178,12,48,
Greer, Rusty,,2001,245,32,27,.273,.453,.341,29,111,1,38,
Snow, J.T.,,2001,285,81,55,.246,.379,.371,34,108,0,43,
Richard, Chris,,2001,483,100,45,.265,.435,.333,61,210,11,74,
Catalanotto, Frank,,2001,463,55,39,.330,.490,.391,54,227,15,77,
Pierre, Juan,,2001,617,29,41,.327,.415,.370,55,256,46,108,
Ankiel, Rick,,2001,8,5,1,.000,.000,.100,0,0,0,1,
Mackowiak, Rob,,2001,214,52,15,.266,.411,.316,21,88,4,30,
Burnitz, Jeromy,,2001,562,150,80,.251,.504,.347,100,283,0,104,
Branson, Jeff,,2001,21,4,0,.286,.286,.286,0,6,0,3,
Lamb, Mike,,2001,284,27,14,.306,.412,.346,35,117,2,42,
Marquis, Jason,,2001,31,10,2,.032,.032,.086,0,1,0,3,
Williams, Dave,,2001,34,19,0,.118,.176,.108,2,6,0,1,
Daubach, Brian,,2001,407,108,53,.263,.509,.350,71,207,1,54,
McGriff, Fred,,2001,513,106,66,.306,.544,.386,102,279,1,67,
Anderson, Marlon,,2001,522,74,35,.293,.421,.331,61,220,8,69,
Levis, Jesse,,2001,33,7,3,.242,.303,.306,3,10,0,6,
Myers, Greg,,2001,161,38,21,.224,.447,.313,31,72,0,24,
Barnes, Larry,,2001,40,9,1,.100,.175,.122,2,7,0,2,
Donnels, Chris,,2001,88,25,12,.170,.295,.277,8,26,0,8,
Vander Wal, John,,2001,452,122,68,.270,.442,.362,70,200,8,58,
Bohanon, Brian,,2001,31,7,1,.323,.452,.333,3,14,0,3,
Cox, Steve,,2001,342,75,24,.257,.427,.323,51,146,2,37,
Munson, Eric,,2001,66,21,3,.152,.273,.188,6,18,0,4,
Sanders, Deion,,2001,75,10,4,.173,.240,.229,4,18,3,6,
Baines, Harold,,2001,84,16,8,.131,.143,.202,6,12,0,3,
Patterson, Jarrod,,2001,41,4,0,.268,.488,.302,4,20,0,6,
Griffey Jr., Ken,,2001,364,72,44,.286,.533,.365,65,194,2,57,
Harris, Lenny,,2001,135,9,8,.222,.274,.266,9,37,3,12,
Tyner, Jason,,2001,396,42,15,.280,.326,.307,21,129,31,51,
Cummings, Midre,,2001,20,4,0,.300,.350,.286,1,7,0,1,
Matthews, Mike,,2001,17,4,0,.118,.294,.111,1,5,0,2,
Beimel, Joe,,2001,26,10,1,.269,.269,.258,0,7,0,3,
Grace, Mark,,2001,476,36,67,.298,.466,.385,78,222,1,66,
Klesko, Ryan,,2001,538,89,88,.286,.539,.384,113,290,23,105,
Johnson, Mark,,2001,173,31,23,.249,.382,.322,18,66,2,21,
Womack, Tony,,2001,481,54,23,.266,.345,.303,30,166,28,66,
Hansen, Dave,,2001,140,29,32,.236,.350,.371,20,49,0,13,
McKnight, Tony,,2001,24,10,2,.000,.000,.067,0,0,0,0,
Dellucci, David,,2001,217,52,22,.276,.479,.349,40,104,2,28,
Nixon, Trot,,2001,535,113,79,.280,.505,.373,88,270,7,100,
Johnson, Mark,,2001,118,31,16,.254,.475,.338,23,56,0,17,
Vina, Fernando,,2001,631,35,32,.303,.418,.355,56,264,17,95,
Jones, Jacque,,2001,475,92,39,.276,.417,.333,49,198,12,57,
Gonzalez, Luis,,2001,609,83,100,.325,.688,.429,142,419,1,128,
Lockhart, Keith,,2001,178,22,16,.219,.303,.286,12,54,1,17,
Martinez, Dave,,2001,237,44,21,.287,.384,.347,20,91,3,33,
Tucker, Michael,,2001,436,102,46,.252,.415,.316,61,181,16,62,
Sutton, Larry,,2001,42,10,1,.119,.214,.136,3,9,0,3,
Martinez, Tino,,2001,589,89,42,.280,.501,.329,113,295,1,89,
Dunn, Adam,,2001,244,74,38,.262,.578,.371,43,141,4,54,
Fox, Andy,,2001,81,17,15,.185,.321,.327,7,26,1,8,
Lankford, Ray,,2001,389,145,62,.252,.491,.357,58,191,10,58,
Giambi, Jeremy,,2001,371,83,63,.283,.450,.388,57,167,0,64,
Hatteberg, Scott,,2001,278,26,33,.245,.345,.332,25,96,1,34,
Robinson, Kerry,,2001,186,20,12,.285,.344,.324,15,64,11,34,
Lieber, Jon,,2001,76,22,2,.158,.184,.161,2,14,0,3,
Stevens, Lee,,2001,542,157,74,.245,.452,.338,95,245,2,77,
Chavez, Eric,,2001,552,99,41,.288,.540,.338,114,298,8,91,
Morris, Warren,,2001,103,9,3,.204,.320,.239,11,33,2,6,
Olerud, John,,2001,572,70,94,.302,.472,.401,95,270,3,91,
Gibbons, Jay,,2001,225,39,17,.236,.480,.301,36,108,0,27,
Justice, David,,2001,381,83,54,.241,.430,.333,51,164,1,58,
Rueter, Kirk,,2001,58,5,5,.172,.172,.203,5,10,0,5,
Wilkins, Rick,,2001,22,8,2,.182,.364,.250,8,8,0,3,
Jenkins, Geoff,,2001,397,120,36,.264,.474,.334,63,188,4,60,
Redman, Tike,,2001,125,25,4,.224,.296,.246,4,37,3,8,
Floyd, Cliff,,2001,555,101,59,.317,.578,.390,103,321,18,123,
Valent, Eric,,2001,41,11,4,.098,.146,.196,1,6,0,3,
Anderson, Brady,,2001,430,77,60,.202,.300,.309,45,129,12,50,
Herges, Matt,,2001,9,3,0,.444,.444,.400,1,4,0,0,
Thome, Jim,,2001,526,185,111,.291,.624,.416,124,328,0,101,
Anderson, Jimmy,,2001,59,15,4,.119,.136,.159,3,8,0,2,
Barkett, Andy,,2001,46,7,4,.304,.413,.373,3,19,1,5,
Houston, Tyler,,2001,235,62,18,.289,.472,.340,38,111,0,36,
Neagle, Denny,,2001,56,12,2,.196,.375,.206,9,21,0,6,
Pierzynski, A.J.,,2001,381,57,16,.289,.441,.319,55,168,1,51,
Witt, Kevin,,2001,27,7,2,.185,.407,.233,5,11,0,5,
Harris, Willie,,2001,24,7,0,.125,.167,.120,0,4,0,3,
Drew, J.D.,,2001,375,75,57,.323,.613,.411,73,230,13,80,
Leach, Jalal,,2001,10,3,2,.100,.100,.250,1,1,0,0,
Grieve, Ben,,2001,542,159,87,.264,.387,.372,72,210,7,72,
Fullmer, Brad,,2001,522,88,38,.274,.444,.326,83,232,5,71,
Lofton, Kenny,,2001,517,69,47,.261,.398,.319,66,206,16,91,
Wolf, Randy,,2001,45,13,3,.178,.178,.208,2,8,0,2,
Tracy, Andy,,2001,55,26,6,.109,.236,.190,8,13,0,4,
Liefer, Jeff,,2001,254,69,20,.256,.520,.312,39,132,0,36,
O'Neill, Paul,,2001,510,59,48,.267,.459,.330,70,234,22,77,
Peters, Chris,,2001,11,2,0,.091,.091,.091,0,1,0,1,
Bako, Paul,,2001,137,34,20,.212,.343,.312,15,47,1,19,
McMillon, Billy,,2001,92,25,7,.217,.359,.284,14,33,1,7,
Giambi, Jason,,2001,520,83,129,.342,.660,.477,120,343,2,109,
Sweeney, Mark,,2001,89,23,12,.258,.416,.340,11,37,2,9,
Damon, Johnny,,2001,644,70,61,.256,.363,.321,49,234,27,108,
Zerbe, Chad,,2001,9,1,0,.222,.222,.182,1,2,0,1,
Huff, Aubrey,,2001,411,72,23,.248,.372,.288,45,153,1,42,
Bragg, Darren,,2001,61,24,4,.262,.377,.313,5,23,3,5,
Wakeland, Chris,,2001,36,13,0,.250,.472,.250,6,17,0,5,
Cruz, Jacob,,2001,144,50,15,.215,.333,.301,18,48,0,19,
McGuire, Ryan,,2001,54,15,7,.185,.278,.270,8,15,1,8,
Brogna, Rico,,2001,206,46,14,.248,.335,.296,21,69,3,15,
Hollandsworth, Todd,,2001,117,20,8,.368,.667,.408,19,78,5,21,
Erstad, Darin,,2001,631,113,62,.258,.360,.328,63,227,24,89,
Smith, Bud,,2001,25,5,1,.160,.160,.179,1,4,0,0,
Goodwin, Tom,,2001,286,58,23,.231,.336,.285,22,96,22,51,
Finley, Steve,,2001,495,67,47,.275,.430,.336,73,213,11,66,
Bierbrodt, Nick,,2001,6,0,2,.667,.833,.600,0,5,0,3,
Fletcher, Darrin,,2001,416,43,24,.226,.353,.274,56,147,0,36,
Fick, Robert,,2001,401,62,39,.272,.476,.339,61,191,0,62,
Joyner, Wally,,2001,148,18,13,.243,.351,.304,14,52,1,14,
Walker, Todd,,2001,551,82,51,.296,.459,.352,75,253,1,93,
Ventura, Robin,,2001,456,101,88,.237,.419,.359,61,191,2,70,
Branyan, Russell,,2001,315,132,38,.232,.486,.316,54,153,1,48,
Kieschnick, Brooks,,2001,42,13,3,.238,.548,.289,9,23,0,5,
Bigbie, Larry,,2001,131,42,17,.229,.321,.315,11,42,4,15,
Lee, Travis,,2001,555,109,71,.258,.434,.341,90,241,3,75,
Hamilton, Darryl,,2001,126,20,19,.214,.310,.318,5,39,3,15,
Dunwoody, Todd,,2001,61,14,3,.213,.328,.250,3,20,0,6,
Green, Shawn,,2001,619,107,72,.297,.598,.372,125,370,20,121,
Taubensee, Eddie,,2001,116,19,10,.250,.362,.313,11,42,0,16,
O'Leary, Troy,,2001,341,73,25,.240,.437,.298,50,149,1,50,
Pride, Curtis,,2001,76,22,9,.250,.355,.345,9,27,3,8,
Leiter, Al,,2001,62,28,2,.065,.097,.094,3,6,0,2,
Ward, Daryle,,2001,213,48,19,.263,.460,.323,39,98,0,21,
Sanchez, Alex,,2001,68,13,5,.206,.309,.260,4,21,6,7,
Palmeiro, Rafael,,2001,600,90,101,.273,.563,.381,123,338,1,98,
Suzuki, Ichiro,,2001,692,53,30,.350,.457,.379,69,316,56,127,
Roberts, Dave,,2001,12,2,1,.333,.417,.385,2,5,0,3,
Ducey, Rob,,2001,73,25,16,.233,.397,.366,12,29,0,10,
Stairs, Matt,,2001,340,76,52,.250,.462,.357,61,157,2,48,
Clapp, Stubby,,2001,25,7,1,.200,.280,.231,1,7,0,0,
Walker, Larry,,2001,497,103,82,.350,.662,.449,123,329,14,107,
Koskie, Corey,,2001,562,118,68,.276,.488,.362,103,274,27,100,
Garcia, Karim,,2001,45,13,3,.311,.711,.360,9,32,0,8,
Durazo, Erubiel,,2001,175,49,28,.269,.537,.372,38,94,0,34,
Valdez, Mario,,2001,54,18,12,.278,.352,.418,8,19,0,7,
Chen, Bruce,,2001,47,19,0,.128,.128,.115,0,6,0,1,
Simon, Randall,,2001,256,28,15,.305,.445,.339,37,114,0,28,
Prokopec, Luke,,2001,36,13,0,.194,.222,.163,0,8,0,1,
Benard, Marvin,,2001,392,66,29,.265,.439,.319,44,172,10,70,
Jennings, Robin,,2001,132,18,7,.265,.424,.300,18,56,0,14,
Chavez, Endy,,2001,77,8,3,.208,.234,.238,5,18,0,4,
Abreu, Bobby,,2001,588,137,106,.289,.543,.393,110,319,36,118,
Daal, Omar,,2001,55,10,1,.236,.255,.222,5,14,0,7,
Rios, Armando,,2001,319,74,36,.260,.464,.331,50,148,3,38,
Ledee, Ricky,,2001,242,58,23,.231,.351,.301,36,85,3,33,
Guzman, Edwards,,2001,115,16,5,.243,.374,.273,7,43,0,8,
Vazquez, Ramon,,2001,35,3,0,.229,.229,.216,4,8,0,5,
Hernandez, Alex,,2001,11,2,0,.091,.091,.091,0,1,0,0,
Cora, Alex,,2001,405,58,31,.217,.306,.283,29,124,0,38,
Delgado, Carlos,,2001,574,136,111,.279,.540,.408,102,310,3,102,
Ortiz, David,,2001,303,68,40,.234,.475,.323,48,144,1,46,
Perez, Odalis,,2001,26,6,0,.192,.231,.207,1,6,0,1,
Pena, Carlos,,2001,62,17,10,.258,.500,.361,12,31,0,6,
Sanchez, Jesus,,2001,17,3,0,.235,.235,.211,1,4,0,2,
Tavarez, Julian,,2001,41,17,3,.122,.122,.145,4,5,0,4,
Perez, Timo,,2001,239,25,12,.247,.356,.281,22,85,1,26,
Pickering, Calvin,,2001,54,15,8,.278,.463,.371,8,25,0,4,
Mirabelli, Doug,,2001,190,57,27,.226,.453,.330,29,86,0,20,
Pratt, Todd,,2001,173,61,34,.185,.301,.325,11,52,1,18,
Young, Kevin,,2001,449,119,42,.232,.399,.310,65,179,15,53,
Collier, Lou,,2001,127,30,17,.252,.378,.338,14,48,5,19,
Dunston, Shawon,,2001,186,32,2,.280,.511,.290,25,95,3,26,
Bogar, Tim,,2001,15,1,2,.333,.867,.412,2,13,0,4,
Person, Robert,,2001,67,36,3,.119,.224,.147,6,15,0,4,
Reith, Brian,,2001,12,4,0,.250,.250,.250,2,3,1,0,
Stinnett, Kelly,,2001,187,61,17,.257,.460,.332,25,86,2,27,
Palmer, Dean,,2001,216,59,27,.222,.426,.317,40,92,4,34,
Williams, Gerald,,2001,279,55,18,.201,.308,.258,19,86,13,42,
Wilson, Tom,,2001,21,5,1,.190,.476,.250,4,10,0,4,
Merloni, Lou,,2001,146,31,6,.267,.397,.302,13,58,2,21,
Gonzalez, Alex,,2001,636,149,43,.253,.388,.300,76,247,18,79,
Lo Duca, Paul,,2001,460,30,39,.320,.543,.370,90,250,2,71,
Gutierrez, Ricky,,2001,528,56,40,.290,.402,.335,66,212,4,76,
Gipson, Charles,,2001,64,20,4,.219,.313,.278,5,20,1,16,
Herndon, Junior,,2001,12,11,0,.000,.000,.000,0,0,0,0,
Appier, Kevin,,2001,62,24,1,.113,.113,.134,4,7,0,4,
Trachsel, Steve,,2001,56,13,0,.161,.179,.148,2,10,0,2,
Paul, Josh,,2001,139,25,13,.266,.410,.325,18,57,6,20,
Millar, Kevin,,2001,449,70,39,.314,.557,.374,85,250,0,62,
Young Sr., Eric,,2001,603,45,42,.279,.393,.326,42,237,31,98,
Hayes, Charlie,,2001,50,16,7,.200,.240,.293,4,12,0,4,
Wilson, Jack,,2001,390,70,16,.223,.295,.245,25,115,1,44,
Jordan, Brian,,2001,560,88,31,.295,.496,.334,97,278,3,82,
Thomas, Frank,,2001,68,12,10,.221,.441,.316,10,30,0,8,
Reynolds, Shane,,2001,52,26,1,.077,.135,.079,4,7,0,4,
Abernathy, Brent,,2001,304,35,27,.270,.382,.325,34,116,8,43,
Bellinger, Clay,,2001,81,23,4,.160,.383,.205,12,31,1,12,
Allen, Chad,,2001,175,37,19,.263,.429,.333,20,75,1,20,
Smith, Mark,,2001,194,38,23,.242,.412,.324,18,80,0,28,
Mohr, Dustan,,2001,51,17,5,.235,.275,.298,4,14,1,6,
Hampton, Mike,,2001,79,21,2,.291,.582,.291,16,46,0,20,
Reed, Rick,,2001,40,15,1,.125,.150,.130,4,6,0,2,
Oliver, Joe,,2001,48,15,2,.250,.354,.264,3,17,0,4,
McCarty, Dave,,2001,200,45,24,.250,.405,.326,26,81,0,26,
Giles, Marcus,,2001,244,37,28,.262,.430,.337,31,105,2,36,
Boone, Bret,,2001,623,110,40,.331,.578,.370,141,360,5,118,
Brosius, Scott,,2001,428,83,34,.287,.446,.339,49,191,3,57,
Little, Mark,,2001,85,20,1,.341,.518,.378,13,44,5,18,
Burkett, John,,2001,65,29,3,.092,.092,.120,1,6,0,2,
Chacon, Shawn,,2001,47,22,0,.043,.043,.055,1,2,0,2,
Barrett, Michael,,2001,472,54,25,.250,.367,.287,38,173,2,42,
Graffanino, Tony,,2001,145,29,16,.303,.407,.361,15,59,4,23,
Maddux, Greg,,2001,64,19,2,.188,.188,.198,3,12,0,3,
Lopez, Albie,,2001,29,13,2,.034,.034,.118,0,1,0,0,
Penny, Brad,,2001,62,19,1,.161,.210,.167,1,13,0,5,
Wilson, Dan,,2001,377,69,20,.265,.403,.299,42,152,3,44,
Larson, Brandon,,2001,33,10,2,.121,.182,.171,1,6,0,2,
Coolbaugh, Mike,,2001,70,16,5,.200,.371,.273,7,26,0,10,
Piatt, Adam,,2001,95,26,13,.211,.284,.297,6,27,0,9,
Fasano, Sal,,2001,85,31,5,.200,.365,.271,9,31,0,12,
Laker, Tim,,2001,33,8,6,.182,.273,.300,5,9,0,5,
Spivey, Junior,,2001,163,47,23,.258,.423,.344,21,69,3,33,
Stynes, Chris,,2001,361,56,20,.280,.410,.321,33,148,4,52,
Nevin, Phil,,2001,546,147,71,.306,.588,.388,126,321,4,97,
Minor, Ryan,,2001,95,31,9,.158,.242,.234,13,23,0,10,
Byrnes, Eric,,2001,38,6,4,.237,.500,.326,5,19,1,9,
Payton, Jay,,2001,361,52,18,.255,.371,.298,34,134,4,44,
Bell, Rob,,2001,7,4,1,.143,.143,.200,0,1,0,0,
Fryman, Travis,,2001,334,63,30,.263,.335,.327,38,112,1,34,
Hiatt, Phil,,2001,50,19,3,.240,.420,.283,6,21,0,6,
Bell, Derek,,2001,156,38,25,.173,.288,.284,13,45,0,14,
Miller, Wade,,2001,66,20,2,.167,.197,.167,1,13,0,6,
LaRue, Jason,,2001,364,106,27,.236,.404,.303,43,147,3,39,
Bennett, Gary,,2001,131,24,12,.244,.351,.304,10,46,0,15,
Eckstein, David,,2001,582,60,43,.285,.357,.346,41,208,29,82,
Martinez, Edgar,,2001,470,90,93,.306,.543,.423,116,255,4,80,
Elarton, Scott,,2001,38,10,1,.079,.079,.149,2,3,0,1,
Greene, Todd,,2001,96,21,3,.208,.281,.240,11,27,0,9,
Girardi, Joe,,2001,229,50,21,.253,.345,.312,25,79,0,22,
LeCroy, Matthew,,2001,40,8,0,.425,.775,.429,12,31,0,6,
Moeller, Chad,,2001,56,12,6,.232,.321,.302,2,18,0,8,
Conine, Jeff,,2001,524,75,64,.311,.443,.386,97,232,12,75,
Stewart, Shannon,,2001,640,72,46,.316,.463,.371,60,296,27,103,
Spencer, Shane,,2001,283,58,21,.258,.428,.315,46,121,4,40,
Curtis, Chad,,2001,115,21,14,.252,.357,.338,10,41,7,24,
Witt, Bobby,,2001,12,7,0,.250,.250,.231,0,3,0,0,
Prince, Tom,,2001,196,39,12,.219,.357,.284,23,70,3,19,
Haselman, Bill,,2001,130,27,8,.285,.400,.329,25,52,0,12,
Bartee, Kimera,,2001,15,5,2,.000,.000,.158,1,0,0,0,
Kendall, Jason,,2001,606,48,44,.266,.358,.335,53,217,13,84,
Konerko, Paul,,2001,582,89,54,.282,.507,.349,99,295,1,92,
McGwire, Mark,,2001,299,118,56,.187,.492,.316,64,147,0,48,
Aurilia, Rich,,2001,636,83,47,.324,.572,.367,97,364,1,114,
Sanders, Reggie,,2001,441,126,46,.263,.549,.337,90,242,14,84,
Quinn, Mark,,2001,453,69,12,.269,.459,.298,60,208,9,57,
Tollberg, Brian,,2001,40,17,2,.200,.200,.213,1,8,0,4,
Bagwell, Jeff,,2001,600,135,106,.288,.568,.397,130,341,11,126,
Jordan, Kevin,,2001,113,21,14,.239,.310,.323,13,35,0,9,
Valentin, John,,2001,60,8,9,.200,.283,.314,5,17,0,8,
Clayton, Royce,,2001,433,72,33,.263,.393,.309,60,170,10,62,
Cordova, Marty,,2001,409,81,23,.301,.506,.348,69,207,0,61,
Berg, Dave,,2001,215,39,14,.242,.363,.289,16,78,0,26,
Owens, Eric,,2001,400,59,29,.253,.335,.300,28,134,8,51,
Phelps, Josh,,2001,12,5,2,.000,.000,.143,1,0,1,3,
Reitsma, Chris,,2001,48,24,2,.104,.125,.138,1,6,0,3,
D'Amico, Jeff,,2001,15,5,2,.067,.200,.176,0,3,0,0,
Brown, Kevin,,2001,43,18,2,.209,.535,.261,12,23,0,7,
Boone, Aaron,,2001,381,71,29,.294,.483,.349,62,184,6,54,
Brown, Emil,,2001,137,49,16,.190,.299,.284,13,41,12,21,
Mouton, Lyle,,2001,17,7,0,.059,.059,.059,1,1,0,1,
Buchanan, Brian,,2001,197,58,19,.274,.487,.342,32,96,1,28,
Oswalt, Roy,,2001,47,12,1,.191,.213,.196,3,10,0,3,
Mattes, Troy,,2001,15,2,0,.467,.533,.438,1,8,0,4,
Biggio, Craig,,2001,617,100,66,.292,.455,.382,70,281,7,118,
Inge, Brandon,,2001,189,41,9,.180,.238,.213,15,45,1,13,
Randa, Joe,,2001,581,80,42,.253,.386,.307,83,224,3,59,
Rolls, Damian,,2001,237,47,10,.262,.342,.289,12,81,12,33,
Thompson, Ryan,,2001,31,8,1,.290,.452,.313,2,14,0,6,
Clark, Brady,,2001,129,16,22,.264,.426,.363,18,55,4,22,
Redding, Tim,,2001,14,11,0,.214,.214,.188,1,3,0,0,
Jensen, Ryan,,2001,12,3,1,.167,.167,.231,2,2,0,0,
Brower, Jim,,2001,26,8,0,.308,.346,.286,3,9,0,6,
Hinch, A.J.,,2001,121,26,8,.157,.331,.224,15,40,1,10,
Barajas, Rod,,2001,106,26,4,.160,.274,.189,9,29,0,9,
Piazza, Mike,,2001,503,87,67,.300,.573,.384,94,288,0,81,
Johnson, Russ,,2001,248,57,34,.294,.435,.375,33,108,2,32,
Grissom, Marquis,,2001,448,107,16,.221,.404,.250,60,181,7,56,
Ochoa, Alex,,2001,536,76,45,.276,.403,.332,52,216,17,73,
Smith, Chuck,,2001,26,8,1,.192,.192,.207,3,5,0,1,
Hermanson, Dustin,,2001,62,30,2,.081,.097,.101,3,6,0,2,
Baldwin, James,,2001,28,13,0,.071,.107,.069,1,3,0,0,
Wood, Kerry,,2001,48,15,1,.188,.208,.161,2,10,0,3,
Bell, Jay,,2001,428,79,65,.248,.400,.344,46,171,0,59,
Hubbard, Trenidad,,2001,12,2,0,.250,.417,.250,0,5,0,2,
Burrell, Pat,,2001,539,162,70,.258,.469,.346,89,253,2,70,
Hammonds, Jeffrey,,2001,174,42,14,.247,.425,.314,21,74,5,20,
Clement, Matt,,2001,50,18,3,.080,.080,.115,0,4,0,2,
Wooten, Shawn,,2001,221,42,5,.312,.466,.332,32,103,2,24,
Lansing, Mike,,2001,352,50,22,.250,.384,.291,34,135,3,45,
Woodward, Chris,,2001,63,14,1,.190,.397,.197,5,25,0,9,
Servais, Scott,,2001,16,3,2,.375,.375,.444,0,6,0,1,
Frye, Jeff,,2001,175,18,12,.246,.326,.299,15,57,2,24,
Hillenbrand, Shea,,2001,468,61,13,.263,.391,.290,49,183,3,52,
Glaus, Troy,,2001,588,158,107,.250,.531,.367,108,312,10,100,
Gant, Ron,,2001,252,80,35,.258,.452,.342,35,114,5,46,
Lewis, Darren,,2001,164,25,8,.280,.366,.317,12,60,5,18,
Tapani, Kevin,,2001,50,14,1,.240,.240,.224,2,12,0,1,
Benes, Andy,,2001,32,15,1,.156,.250,.171,4,8,0,1,
Hall, Toby,,2001,188,16,4,.298,.447,.321,30,84,2,28,
Hairston Jr., Jerry,,2001,532,73,44,.233,.344,.301,47,183,29,63,
Coleman, Michael,,2001,38,15,0,.211,.289,.205,7,11,0,5,
Hunter, Brian L.,,2001,145,25,16,.276,.359,.337,16,52,14,22,
Brumbaugh, Cliff,,2001,46,14,3,.217,.326,.265,4,15,0,6,
Wright, Jamey,,2001,67,20,3,.194,.209,.216,4,14,0,7,
Sexson, Richie,,2001,598,178,60,.271,.547,.342,125,327,2,94,
Johnson, Charles,,2001,451,133,38,.259,.450,.321,75,203,0,51,
DeRosa, Mark,,2001,164,19,12,.287,.390,.348,20,64,2,27,
Halter, Shane,,2001,450,100,37,.284,.467,.339,65,210,3,53,
Vaughn, Greg,,2001,485,130,71,.233,.433,.333,82,210,11,74,
Colangelo, Mike,,2001,91,30,8,.242,.407,.310,8,37,0,10,
Sheffield, Gary,,2001,515,67,94,.311,.583,.417,100,300,10,98,
Bere, Jason,,2001,62,18,0,.194,.258,.174,2,16,0,2,
Bottenfield, Kent,,2001,14,5,0,.143,.143,.133,0,2,0,0,
Thomson, John,,2001,29,15,1,.241,.310,.222,1,9,0,3,
Lopez Jr., Luis,,2001,119,16,8,.244,.353,.289,10,42,0,10,
Gardner, Mark,,2001,21,8,1,.000,.000,.038,1,0,0,1,
Ausmus, Brad,,2001,422,64,30,.232,.341,.280,34,144,4,45,
Matheny, Mike,,2001,381,76,28,.218,.304,.271,42,116,0,40,
Sadler, Donnie,,2001,185,37,18,.162,.211,.237,5,39,7,28,
Kent, Jeff,,2001,607,96,65,.298,.507,.369,106,308,7,84,
Cirillo, Jeff,,2001,528,63,43,.313,.473,.363,83,250,12,72,
Hill, Glenallen,,2001,66,20,0,.136,.182,.136,2,12,0,4,
Vogelsong, Ryan,,2001,10,3,0,.100,.200,.100,0,2,0,0,
Karros, Eric,,2001,438,101,41,.235,.388,.303,63,170,3,42,
Bush, Homer,,2001,271,50,8,.306,.387,.333,27,105,13,32,
Velarde, Randy,,2001,342,86,34,.278,.424,.352,32,145,6,50,
Larkin, Barry,,2001,156,25,27,.256,.372,.373,17,58,3,29,
Magee, Wendell,,2001,207,44,23,.213,.377,.292,17,78,3,26,
Salmon, Tim,,2001,475,121,96,.227,.383,.365,49,182,9,63,
Helms, Wes,,2001,216,56,21,.222,.435,.293,36,94,1,28,
Trammell, Bubba,,2001,490,78,48,.261,.467,.330,92,229,2,66,
Smoltz, John,,2001,7,3,1,.000,.000,.100,0,0,0,0,
Schmidt, Jason,,2001,49,22,1,.163,.286,.161,4,14,0,5,
Fordyce, Brook,,2001,292,56,21,.209,.322,.266,19,94,1,30,
Flaherty, John,,2001,248,33,10,.238,.363,.264,29,90,1,20,
Harvey, Ken,,2001,12,4,0,.250,.333,.250,2,4,0,1,
Butler, Brent,,2001,119,7,7,.244,.345,.282,14,41,1,17,
Grudzielanek, Mark,,2001,539,83,28,.271,.393,.316,55,212,4,83,
Martinez, Ramon,,2001,391,52,38,.253,.353,.318,37,138,1,48,
Mouton, James,,2001,138,40,11,.246,.348,.323,10,48,7,20,
Buford, Damon,,2001,85,23,4,.176,.306,.213,8,26,0,11,
Mlicki, Dave,,2001,27,11,0,.111,.111,.097,0,3,0,2,
Lieberthal, Mike,,2001,121,21,12,.231,.347,.316,11,42,0,21,
Easley, Damion,,2001,585,90,52,.250,.376,.321,65,220,10,77,
Shumpert, Terry,,2001,242,44,15,.289,.438,.332,24,106,14,37,
Paquette, Craig,,2001,340,67,18,.282,.465,.322,64,158,3,47,
Jones, Bobby,,2001,57,18,3,.140,.175,.177,1,10,0,5,
Rigdon, Paul,,2001,20,3,0,.200,.200,.160,1,4,0,1,
Smith, Bobby,,2001,19,10,3,.105,.105,.227,1,2,0,1,
Arroyo, Bronson,,2001,21,16,1,.048,.048,.087,1,1,0,0,
Brown, Kevin,,2001,36,12,0,.083,.167,.146,2,6,0,2,
Kile, Darryl,,2001,71,33,5,.127,.225,.173,4,16,0,5,
Redmond, Mike,,2001,141,13,13,.312,.426,.373,14,60,0,19,
DiFelice, Mike,,2001,170,49,8,.188,.265,.235,10,45,1,14,
Lee, Derrek,,2001,561,126,50,.282,.474,.346,75,266,4,83,
Crede, Joe,,2001,50,11,3,.220,.280,.273,7,14,1,1,
Agbayani, Benny,,2001,296,73,36,.277,.399,.363,27,118,4,28,
Murray, Calvin,,2001,326,57,32,.245,.356,.316,25,116,8,54,
Porter, Bo,,2001,87,34,9,.230,.356,.296,6,31,3,18,
Reese, Pokey,,2001,428,82,34,.224,.343,.281,40,147,25,50,
Gomez, Chris,,2001,301,38,17,.259,.402,.293,42,121,4,37,
Henderson, Rickey,,2001,379,84,81,.227,.351,.366,42,133,25,70,
Alou, Moises,,2001,513,57,57,.331,.554,.396,108,284,5,79,
Cuddyer, Michael,,2001,18,6,2,.222,.333,.300,1,6,1,1,
Millwood, Kevin,,2001,43,16,1,.093,.093,.111,2,4,0,3,
Wilson, Craig,,2001,158,53,15,.310,.589,.388,32,93,3,27,
Zeile, Todd,,2001,531,102,73,.266,.373,.359,62,198,1,66,
Ripken Jr., Cal,,2001,477,63,26,.239,.361,.275,68,172,0,43,
Berger, Brandon,,2001,16,2,2,.313,.875,.389,2,14,0,4,
Coggin, David,,2001,33,13,2,.061,.091,.111,1,3,0,1,
Miller, Damian,,2001,380,80,35,.271,.424,.334,47,161,0,45,
Belliard, Ronnie,,2001,364,65,35,.264,.453,.332,36,165,5,69,
White, Rondell,,2001,323,56,26,.307,.529,.370,50,171,1,43,
Burks, Ellis,,2001,439,85,62,.280,.542,.369,74,238,5,83,
Hyzdu, Adam,,2001,72,18,4,.208,.431,.260,9,31,0,7,
Anderson, Brian,,2001,37,9,0,.135,.216,.135,2,8,0,1,
Sheets, Ben,,2001,42,29,4,.071,.071,.146,1,3,0,4,
Schilling, Curt,,2001,83,28,1,.133,.145,.122,1,12,0,4,
Wilson, Vance,,2001,57,16,2,.298,.351,.339,6,20,0,3,
Loretta, Mark,,2001,384,46,28,.289,.352,.340,29,135,1,40,
Lewis, Mark,,2001,13,4,0,.077,.077,.077,0,1,0,1,
Monroe, Craig,,2001,52,18,6,.212,.346,.293,5,18,2,8,
Hunter, Torii,,2001,564,125,29,.261,.479,.305,92,270,9,82,
Dye, Jermaine,,2001,599,112,57,.282,.467,.345,106,280,9,91,
Dreifort, Darren,,2001,33,20,1,.152,.303,.162,2,10,1,4,
Sweeney, Mike,,2001,559,64,64,.304,.542,.373,99,303,10,97,
Hermansen, Chad,,2001,55,18,1,.164,.291,.179,5,16,0,5,
Glanville, Doug,,2001,634,91,19,.262,.375,.280,55,238,28,74,
Lawrence, Brian,,2001,26,7,0,.115,.192,.103,3,5,0,0,
Levrault, Allen,,2001,33,14,1,.061,.061,.073,1,2,0,1,
Johnson, Randy,,2001,80,38,3,.100,.100,.132,2,8,0,2,
Jaha, John,,2001,45,15,6,.089,.156,.192,8,7,0,2,
Bell, David,,2001,470,59,28,.260,.415,.300,64,195,2,62,
Blake, Casey,,2001,37,12,4,.243,.351,.317,4,13,3,3,
Bordick, Mike,,2001,229,36,17,.249,.397,.311,30,91,9,32,
Young, Michael,,2001,386,91,26,.249,.402,.291,49,155,3,57,
Aven, Bruce,,2001,24,5,0,.333,.542,.385,2,13,0,3,
Bichette, Dante,,2001,391,76,20,.286,.460,.325,49,180,2,45,
Osik, Keith,,2001,120,24,13,.208,.292,.299,13,35,1,9,
Reboulet, Jeff,,2001,214,48,33,.266,.397,.360,22,85,0,35,
Meyers, Chad,,2001,17,5,2,.118,.118,.348,0,2,0,1,
Maxwell, Jason,,2001,68,23,9,.191,.294,.282,10,20,2,4,
Truby, Chris,,2001,136,38,13,.206,.441,.276,23,60,1,11,
Sprague Jr., Ed,,2001,94,18,11,.298,.436,.374,16,41,0,9,
Sandberg, Jared,,2001,136,45,10,.206,.279,.262,15,38,1,13,
Buhner, Jay,,2001,45,9,8,.222,.400,.340,5,18,0,4,
Figueroa, Nelson,,2001,24,11,1,.250,.292,.269,1,7,0,4,
Pavano, Carl,,2001,13,5,0,.077,.077,.071,0,1,0,0,
Petrick, Ben,,2001,244,67,31,.238,.459,.326,39,112,3,41,
Coomer, Ron,,2001,349,70,29,.261,.390,.316,53,136,0,25,
Rowand, Aaron,,2001,123,28,15,.293,.431,.372,20,53,5,21,
Davis, Eric,,2001,156,38,13,.205,.365,.269,22,57,1,17,
Reames, Britt,,2001,17,8,4,.118,.294,.250,2,5,0,2,
Barnes, John,,2001,21,3,1,.048,.048,.130,0,1,0,1,
Haynes, Jimmy,,2001,52,16,2,.154,.192,.169,0,10,0,5,
McDonald, John,,2001,22,7,1,.091,.136,.160,0,3,0,1,
Rodriguez, Alex,,2001,632,131,75,.318,.622,.399,135,393,18,133,
Jeter, Derek,,2001,614,99,56,.311,.480,.375,74,295,27,110,
Cameron, Mike,,2001,540,155,69,.267,.480,.352,110,259,34,99,
Kapler, Gabe,,2001,483,70,61,.267,.437,.347,72,211,23,77,
Eaton, Adam,,2001,38,12,4,.105,.132,.182,2,5,1,3,
Burnett, A.J.,,2001,50,27,1,.080,.100,.102,0,5,0,0,
Miller, Corky,,2001,49,16,4,.184,.408,.263,7,20,1,5,
Knorr, Randy,,2001,91,22,8,.220,.341,.282,10,31,0,13,
Knoblauch, Chuck,,2001,521,73,58,.250,.351,.337,44,183,38,66,
Williams, Matt,,2001,408,70,22,.275,.466,.314,65,190,1,58,
Perry Jr., Herbert,,2001,285,55,23,.256,.411,.326,32,117,2,38,
Arias, Alex,,2001,137,22,17,.226,.336,.310,12,46,1,19,
Thurman, Mike,,2001,42,27,2,.024,.024,.064,0,1,0,0,
Jackson, Damian,,2001,440,128,44,.241,.343,.315,38,151,23,67,
Garciaparra, Nomar,,2001,83,9,7,.289,.470,.352,8,39,0,13,
Kinkade, Mike,,2001,160,31,14,.275,.381,.345,16,61,2,19,
Wells, Vernon,,2001,96,15,5,.313,.427,.350,6,41,5,14,
Mottola, Chad,,2001,7,2,2,.000,.000,.200,1,0,0,1,
Ellis, Robert,,2001,26,12,1,.154,.154,.179,1,4,0,2,
McEwing, Joe,,2001,283,57,17,.283,.449,.335,30,127,8,41,
Riggs, Adam,,2001,36,8,2,.194,.222,.237,1,8,1,2,
Meares, Pat,,2001,270,45,10,.211,.304,.243,25,82,0,27,
Sheets, Andy,,2001,153,35,12,.196,.268,.241,14,41,2,10,
Sanders, Anthony,,2001,17,3,2,.176,.294,.263,2,5,0,1,
Williams, Woody,,2001,82,22,3,.195,.256,.222,7,21,0,11,
Duckworth, Brandon,,2001,22,4,2,.227,.273,.269,1,6,0,1,
Hubbard, Mike,,2001,11,4,0,.273,.636,.273,1,7,0,1,
Colbrunn, Greg,,2001,97,14,9,.289,.495,.373,18,48,0,12,
Mordecai, Mike,,2001,254,53,19,.280,.398,.329,32,101,2,28,
Davis, Russ,,2001,167,49,17,.257,.473,.323,17,79,1,16,
Sheldon, Scott,,2001,120,35,3,.200,.317,.213,11,38,1,11,
Gilkey, Bernard,,2001,106,31,11,.274,.387,.339,14,41,0,8,
Freel, Ryan,,2001,22,4,1,.273,.318,.333,3,7,2,1,
Davis, Lance,,2001,33,15,0,.121,.152,.108,2,5,0,3,
Adams, Terry,,2001,39,19,3,.051,.077,.104,1,3,0,2,
Ritchie, Todd,,2001,59,27,3,.153,.186,.171,3,11,0,1,
Estalella, Bobby,,2001,97,30,12,.196,.361,.297,10,35,0,12,
Menechino, Frank,,2001,471,97,79,.242,.374,.367,60,176,2,82,
Echevarria, Angel,,2001,133,29,8,.256,.451,.310,13,60,0,12,
Estes, Shawn,,2001,42,11,3,.071,.071,.115,1,3,0,2,
Ortiz, Russ,,2001,67,19,5,.194,.284,.222,6,19,0,6,
Morris, Matt,,2001,72,33,2,.139,.167,.141,5,12,0,5,
Grebeck, Craig,,2001,41,9,2,.049,.073,.093,2,3,0,1,
Wehner, John,,2001,51,12,10,.196,.216,.323,2,11,2,3,
Rolen, Scott,,2001,554,127,74,.289,.498,.378,107,276,16,96,
Abbott, Jeff,,2001,42,7,3,.262,.333,.326,5,14,0,5,
Wilson, Preston,,2001,468,107,36,.274,.494,.331,71,231,20,70,
Toca, Jorge,,2001,17,8,0,.176,.176,.176,1,3,0,3,
Canseco, Jose,,2001,256,75,45,.258,.477,.366,49,122,2,46,
Fernandez, Osvaldo,,2001,19,8,1,.053,.053,.087,0,1,0,1,
Ordonez, Rey,,2001,461,43,34,.247,.336,.295,44,155,3,31,
Hernandez, Livan,,2001,81,4,0,.296,.383,.282,8,31,0,7,
Marrero, Eli,,2001,203,36,15,.266,.438,.308,23,89,6,37,
Nunez, Vladimir,,2001,9,4,1,.111,.111,.167,0,1,0,1,
Yoshii, Masato,,2001,16,7,1,.125,.125,.158,0,2,0,0,
Suzuki, Mac,,2001,18,10,1,.000,.000,.045,0,0,0,0,
Shinjo, Tsuyoshi,,2001,400,70,25,.268,.405,.317,56,162,4,46,
Gagne, Eric,,2001,44,13,1,.136,.295,.137,2,13,0,3,
Dempster, Ryan,,2001,61,29,1,.049,.066,.051,0,4,0,1,
Dessens, Elmer,,2001,57,12,3,.193,.211,.200,2,12,0,3,
Gil, Geronimo,,2001,58,7,5,.293,.328,.364,6,19,0,3,
Gil, Benji,,2001,260,57,14,.296,.477,.327,39,124,3,33,
Castilla, Vinny,,2001,538,108,35,.260,.467,.308,91,251,1,69,
Castro, Juan,,2001,242,50,13,.223,.302,.257,13,73,0,27,
Reyes, Dennys,,2001,11,6,0,.182,.182,.182,0,2,0,0,
Reynoso, Armando,,2001,10,3,0,.100,.200,.077,2,2,0,0,
Saenz, Olmedo,,2001,305,64,19,.220,.384,.290,32,117,0,33,
Diaz, Einar,,2001,437,44,17,.277,.387,.322,56,169,1,54,
Lee, Carlos,,2001,558,85,38,.269,.468,.321,84,261,17,75,
Zuleta, Julio,,2001,106,32,8,.217,.415,.288,24,44,0,11,
Rivera, Ruben,,2001,263,83,21,.255,.426,.321,34,112,6,37,
Jones, Andruw,,2001,625,142,56,.251,.461,.312,104,288,11,104,
Cabrera, Orlando,,2001,626,54,43,.276,.428,.322,96,268,19,64,
Renteria, Edgar,,2001,493,73,39,.260,.371,.310,57,183,17,54,
Cabrera, Jolbert,,2001,287,41,16,.261,.348,.311,38,100,10,50,
Perez, Eddie,,2001,10,2,0,.300,.300,.300,0,3,0,0,
Quevedo, Ruben,,2001,16,8,0,.250,.250,.200,1,4,0,1,
Alfonzo, Edgardo,,2001,457,62,51,.243,.403,.322,49,184,5,64,
Armas, Tony,,2001,53,17,0,.151,.170,.136,4,9,0,2,
Lunar, Fernando,,2001,167,32,7,.246,.287,.283,16,48,0,8,
Cairo, Miguel,,2001,156,23,18,.295,.417,.352,16,65,2,25,
Galarraga, Andres,,2001,399,117,31,.256,.459,.326,69,183,1,50,
Nieves, Jose,,2001,53,20,2,.245,.453,.288,3,24,0,5,
Hidalgo, Richard,,2001,512,107,54,.275,.455,.356,80,233,3,70,
Machado, Robert,,2001,135,26,7,.222,.341,.260,13,46,0,13,
Perez, Robert,,2001,20,7,1,.200,.250,.238,0,5,0,1,
Ordonez, Magglio,,2001,593,70,70,.305,.533,.382,113,316,25,97,
Sojo, Luis,,2001,79,12,4,.165,.190,.214,9,15,1,5,
Ordaz, Luis,,2001,56,8,3,.250,.304,.286,4,17,0,8,
Carrara, Giovanni,,2001,12,2,0,.250,.250,.250,0,3,0,1,
Rivas, Luis,,2001,563,99,40,.266,.362,.317,47,204,31,70,
Hernandez, Ramon,,2001,453,68,37,.254,.408,.310,60,185,1,55,
Blanco, Henry,,2001,314,72,34,.210,.344,.286,31,108,3,33,
Gonzalez, Alex,,2001,515,107,30,.250,.377,.301,48,194,2,57,
Mendez, Donaldo,,2001,118,37,5,.153,.212,.205,5,25,1,11,
Escobar, Alex,,2001,50,19,3,.200,.400,.245,8,20,1,3,
Mora, Melvin,,2001,436,91,41,.250,.362,.326,48,158,11,49,
Gonzalez, Wiki,,2001,160,28,11,.275,.463,.335,27,74,2,16,
Velandia, Jorge,,2001,9,1,2,.000,.000,.182,0,0,0,1,
Gonzalez, Dicky,,2001,20,4,1,.100,.100,.136,0,2,0,1,
Santiago, Benito,,2001,477,78,23,.262,.369,.291,45,176,5,39,
Vazquez, Javier,,2001,62,11,2,.258,.290,.232,1,18,0,5,
Molina, Jose,,2001,37,8,3,.270,.514,.310,4,19,0,8,
Rivera, Mike,,2001,12,2,0,.333,.500,.333,1,6,0,2,
Bocachica, Hiram,,2001,133,33,9,.233,.376,.287,9,50,4,15,
Olivares, Omar,,2001,27,10,0,.222,.407,.222,6,11,0,3,
Matos, Luis,,2001,98,30,11,.214,.408,.295,12,40,7,16,
Alomar Jr., Sandy,,2001,220,17,12,.245,.345,.285,21,76,1,17,
Munoz, Bobby,,2001,11,6,0,.000,.000,.000,0,0,0,0,
Ortiz, Hector,,2001,154,24,9,.247,.299,.289,11,46,1,12,
Hernandez, Jose,,2001,542,185,39,.249,.443,.297,78,240,5,67,
Cordero, Wil,,2001,268,50,22,.250,.343,.311,21,92,0,30,
Gonzalez, Raul,,2001,14,3,1,.214,.214,.267,0,3,0,0,
Sanchez, Rey,,2001,544,49,15,.281,.336,.294,37,183,11,56,
Molina, Bengie,,2001,325,51,16,.262,.351,.307,40,114,0,31,
Lopez, Javy,,2001,438,82,28,.267,.425,.322,66,186,1,45,
Lowell, Mike,,2001,551,79,43,.283,.448,.340,100,247,1,65,
Castro, Ramon,,2001,11,1,1,.182,.182,.250,1,2,0,0,
Rodriguez, Ivan,,2001,442,73,23,.308,.541,.347,65,239,10,70,
Cardona, Javier,,2001,96,12,2,.260,.375,.275,10,36,0,10,
Gonzalez, Juan,,2001,532,94,41,.325,.590,.370,140,314,1,97,
Park, Chan Ho,,2001,69,22,5,.145,.188,.185,4,13,0,6,
Astacio, Pedro,,2001,53,17,0,.094,.094,.078,3,5,0,2,
Batista, Tony,,2001,579,113,32,.238,.435,.280,87,252,5,70,
Ramirez, Julio,,2001,37,15,2,.081,.081,.128,1,3,2,2,
Acevedo, Jose,,2001,34,18,0,.118,.147,.111,1,5,0,1,
Ramirez, Aramis,,2001,603,100,40,.300,.536,.350,112,323,5,83,
Soriano, Alfonso,,2001,574,125,29,.268,.432,.303,73,248,43,77,
Sosa, Sammy,,2001,577,153,116,.328,.737,.437,160,425,0,146,
Bautista, Danny,,2001,222,31,14,.302,.437,.343,26,97,3,26,
Tatis, Fernando,,2001,145,43,16,.255,.359,.339,11,52,0,20,
Castillo, Alberto,,2001,131,30,7,.198,.252,.247,4,33,1,9,
Encarnacion, Juan,,2001,417,93,25,.242,.408,.289,52,170,9,52,
Serrano, Wascar,,2001,9,4,0,.111,.111,.091,0,1,0,0,
Ortiz, Jose,,2001,246,41,17,.240,.439,.296,38,108,4,42,
Pujols, Albert,,2001,590,93,69,.329,.610,.402,130,360,1,112,
Beltre, Adrian,,2001,475,82,28,.265,.411,.309,60,195,13,59,
Tejada, Miguel,,2001,622,89,43,.267,.476,.325,113,296,11,107,
Dotel, Octavio,,2001,11,5,0,.091,.091,.083,0,1,0,0,
Lima, Jose,,2001,17,6,0,.000,.000,.000,0,0,0,0,
Lugo, Julio,,2001,513,116,46,.263,.372,.317,37,191,12,93,
Cruz, Deivi,,2001,414,46,17,.256,.379,.290,52,157,4,39,
Encarnacion, Mario,,2001,62,14,5,.226,.242,.284,3,15,2,3,
Polanco, Placido,,2001,564,43,25,.307,.383,.334,38,216,12,87,
Pena, Angel,,2001,54,17,1,.204,.278,.207,2,15,0,3,
Fernandez, Jose,,2001,25,10,2,.080,.120,.148,0,3,0,1,
Uribe, Juan,,2001,273,55,8,.300,.524,.325,53,143,3,32,
Ramirez, Manny,,2001,529,147,81,.306,.609,.405,125,322,0,93,
Eusebio, Tony,,2001,154,34,17,.253,.403,.339,14,62,0,16,
Guerrero, Vladimir,,2001,599,88,60,.307,.566,.377,108,339,37,107,
Berroa, Angel,,2001,53,10,3,.302,.340,.339,4,18,2,8,
Mateo, Ruben,,2001,129,28,9,.248,.341,.320,13,44,1,18,
Telemaco, Amaury,,2001,21,8,2,.095,.095,.160,0,2,0,2,
Guillen, Jose,,2001,135,26,6,.274,.378,.317,11,51,2,14,
Febles, Carlos,,2001,292,58,22,.236,.363,.290,25,106,5,45,
Lopez, Mendy,,2001,58,20,6,.241,.379,.318,7,22,0,8,
Mondesi, Raul,,2001,572,128,73,.252,.453,.342,84,259,30,88,
Batista, Miguel,,2001,32,17,2,.063,.063,.111,0,2,0,2,
Alcantara, Izzy,,2001,38,13,3,.263,.289,.317,3,11,1,3,
Feliz, Pedro,,2001,220,50,10,.227,.373,.261,22,82,2,23,
Franco, Julio,,2001,90,20,10,.300,.444,.376,11,40,0,13,
Cruz, Juan,,2001,16,5,0,.125,.125,.111,1,2,0,0,
Everett, Carl,,2001,409,104,27,.257,.438,.323,58,179,9,61,
Matthews Jr., Gary,,2001,405,100,60,.227,.378,.324,44,153,8,63,
Santangelo, F.P.,,2001,71,17,11,.197,.254,.337,8,18,1,16,
Kielty, Bobby,,2001,104,25,8,.250,.385,.297,14,40,3,8,
Durham, Ray,,2001,611,110,64,.267,.466,.334,65,285,23,104,
Mueller, Bill,,2001,210,19,37,.295,.448,.397,23,94,1,38,
Relaford, Desi,,2001,301,65,27,.302,.472,.362,36,142,13,43,
Jensen, Marcus,,2001,29,10,0,.172,.207,.172,2,6,0,0,
Roberts, Brian,,2001,273,36,13,.253,.341,.281,17,93,12,42,
Raines Jr., Tim,,2001,23,8,3,.174,.261,.259,0,6,3,6,
Ojeda, Augie,,2001,144,20,12,.201,.271,.265,12,39,1,16,
Burkhart, Morgan,,2001,33,11,1,.182,.303,.206,4,10,0,3,
Bonilla, Bobby,,2001,174,53,23,.213,.339,.308,21,59,1,17,
Varitek, Jason,,2001,174,35,21,.293,.489,.369,25,85,0,19,
Segui, David,,2001,292,61,49,.301,.473,.406,46,138,1,48,
Spiezio, Scott,,2001,457,65,34,.271,.438,.324,54,200,5,57,
Estrada, Johnny,,2001,298,32,16,.228,.359,.272,37,107,0,26,
Young, Dmitri,,2001,540,77,37,.302,.481,.350,69,260,8,68,
Hocking, Denny,,2001,327,67,29,.251,.339,.311,25,111,6,34,
Blum, Geoff,,2001,453,94,43,.236,.351,.311,50,159,9,57,
Magruder, Chris,,2001,29,5,1,.172,.172,.226,1,5,0,3,
Hundley, Todd,,2001,246,89,25,.187,.374,.268,31,92,0,23,
McCracken, Quinton,,2001,64,13,5,.219,.313,.271,3,20,0,7,
Melhuse, Adam,,2001,71,18,6,.183,.254,.241,8,18,1,5,
Latham, Chris,,2001,73,28,10,.274,.425,.369,10,31,4,12,
Jones, Terry,,2001,77,11,2,.260,.325,.278,2,25,3,8,
Bellhorn, Mark,,2001,74,37,7,.135,.243,.207,4,18,0,11,
Lofton, James,,2001,26,4,1,.192,.231,.214,1,6,2,1,
Bradley, Milton,,2001,238,65,21,.223,.332,.286,19,79,8,22,
Davis, Ben,,2001,448,112,66,.239,.357,.337,57,160,4,56,
Berkman, Lance,,2001,577,121,92,.331,.620,.430,126,358,7,110,
Rollins, Jimmy,,2001,656,108,48,.274,.419,.319,54,275,46,97,
Barker, Glen,,2001,24,6,3,.083,.083,.233,1,2,4,12,
Caminiti, Ken,,2001,356,85,43,.228,.407,.312,41,145,0,36,
Jones Jr., Chipper,,2001,572,82,98,.330,.605,.427,102,346,9,113,
McLemore, Mark,,2001,409,84,69,.286,.406,.382,57,166,39,78,
Raines Sr., Tim,,2001,89,9,18,.303,.449,.413,9,40,1,14,
Clark, Tony,,2001,428,108,62,.287,.481,.374,75,206,0,67,
Brown, Adrian,,2001,31,3,3,.194,.290,.265,2,9,2,3,
Simmons, Brian,,2001,107,26,8,.178,.280,.239,8,30,1,8,
DaVanon, Jeff,,2001,88,29,11,.193,.409,.280,9,36,1,7,
Zaun, Gregg,,2001,125,16,12,.320,.536,.377,18,67,1,15,
Ward, Turner,,2001,15,6,1,.267,.333,.353,2,5,0,1,
Kreuter, Chad,,2001,191,52,41,.215,.377,.355,17,72,0,21,
Winn, Randy,,2001,429,81,38,.273,.401,.335,50,172,12,54,
Harnisch, Pete,,2001,11,5,0,.273,.364,.250,0,4,0,2,
Norton, Greg,,2001,225,65,19,.267,.516,.321,40,116,1,30,
Kingsale, Gene,,2001,19,4,2,.263,.263,.364,1,5,3,4,
Ohka, Tomo,,2001,18,8,0,.167,.167,.143,1,3,0,1,
Seguignol, Fernando,,2001,50,17,2,.140,.180,.185,5,9,0,0,
Macias, Jose,,2001,488,54,32,.268,.391,.311,51,191,21,62,
White, Devon,,2001,390,95,28,.277,.459,.343,47,179,18,52,
Perez, Tomas,,2001,135,22,7,.304,.437,.345,19,59,0,11,
Izturis, Cesar,,2001,134,15,2,.269,.388,.271,9,52,8,19,
Guillen, Carlos,,2001,456,89,53,.259,.355,.329,53,162,4,72,
Vizquel, Omar,,2001,611,72,61,.255,.334,.316,50,204,13,84,
Cedeno, Roger,,2001,523,83,36,.293,.396,.334,48,207,55,79,
Crespo, Felipe,,2001,107,34,11,.187,.355,.264,15,38,1,9,
Vidro, Jose,,2001,486,49,31,.319,.486,.369,59,236,4,82,
Santos, Angel,,2001,16,7,2,.125,.188,.211,1,3,0,2,
Crespo, Cesar,,2001,153,50,25,.209,.327,.318,12,50,6,27,
Lopez, Felipe,,2001,177,39,12,.260,.418,.302,23,74,4,21,
Alicea, Luis,,2001,387,56,23,.274,.367,.318,32,142,8,44,
Alomar, Roberto,,2001,575,71,80,.336,.541,.409,100,311,30,113,
Williams, Bernie,,2001,540,67,78,.307,.522,.395,94,282,11,102,
Posada, Jorge,,2001,484,132,62,.277,.475,.363,95,230,2,59,
Beltran, Carlos,,2001,617,120,52,.306,.514,.362,101,317,31,106,
Lopez, Luis,,2001,222,44,14,.270,.387,.320,18,86,0,22,
Cruz Jr., Jose,,2001,577,138,45,.274,.530,.325,88,306,32,92,
Sierra, Ruben,,2001,344,52,19,.291,.561,.322,67,193,2,55,
Valentin, Jose,,2001,438,114,50,.258,.509,.331,68,223,9,74,
Merced, Orlando,,2001,137,32,14,.263,.453,.333,29,62,5,19,
Casanova, Raul,,2001,192,29,12,.260,.484,.303,33,93,0,21,
Wilson, Enrique,,2001,228,37,9,.211,.281,.237,20,64,0,17,
Furcal, Rafael,,2001,324,56,24,.275,.370,.318,30,120,22,39,
Pena, Elvis,,2001,40,6,6,.225,.275,.333,6,11,2,5,
Javier, Stan,,2001,281,47,36,.292,.391,.372,33,110,11,44,
Castillo, Luis,,2001,537,90,67,.263,.341,.342,45,183,33,76,
Guerrero, Wilton,,2001,142,17,3,.338,.408,.347,8,58,5,16,
Jimenez, D'Angelo,,2001,308,68,39,.276,.367,.355,33,113,2,45,
Perez, Neifi,,2001,581,68,26,.279,.396,.303,59,230,9,83,
Perez, Santiago,,2001,81,29,15,.198,.210,.320,4,17,5,13,
Guzman, Cristian,,2001,493,78,21,.302,.477,.332,51,235,25,80,
Fernandez, Tony,,2001,123,17,8,.293,.374,.336,15,46,1,11,
Nunez, Abraham O.,,2001,301,53,28,.262,.336,.322,21,101,8,30,
Offerman, Jose,,2001,524,97,61,.267,.374,.340,49,196,5,76,
Vizcaino, Jose,,2001,256,33,15,.277,.344,.312,14,88,3,38,
Martinez, Felix,,2001,219,46,10,.247,.329,.290,14,72,6,24,
Veras, Quilvio,,2001,258,52,24,.252,.357,.325,25,92,7,39,
Delgado, Wilson,,2001,25,10,3,.120,.120,.214,1,3,0,1,
Pujols, Albert,405395,2021,275,45,14,.236,.433,.284,50,119,2,29,
Cabrera, Miguel,408234,2021,472,118,40,.256,.386,.316,75,182,0,48,
Rivera, Rene,425784,2021,69,29,4,.232,.362,.282,9,25,0,8,
Wainwright, Adam,425794,2021,57,25,3,.123,.158,.135,4,9,0,1,
Molina, Yadier,425877,2021,440,79,24,.252,.370,.296,66,163,3,45,
Suzuki, Kurt,435559,2021,219,44,12,.224,.342,.291,16,75,0,17,
Cruz Jr., Nelson,443558,2021,513,126,51,.265,.497,.332,86,255,3,79,
Peralta, David,444482,2021,487,92,46,.259,.402,.325,63,196,2,57,
Pina, Manny,444489,2021,180,38,22,.189,.439,.293,33,79,0,27,
Escobar, Alcides,444876,2021,319,56,17,.288,.404,.338,28,129,3,53,
Jay, Jon,445055,2021,14,2,0,.357,.357,.357,1,5,0,2,
Longoria, Evan,446334,2021,253,68,35,.261,.482,.351,46,122,1,45,
Lobaton, Jose,446653,2021,11,5,2,.000,.000,.154,0,0,0,1,
Hill, Rich,448179,2021,24,10,0,.125,.125,.115,0,3,0,0,
Morton, Charlie,450203,2021,55,31,0,.127,.145,.113,1,8,0,5,
Fowler, Dexter,451594,2021,20,6,1,.250,.250,.286,1,5,1,3,
Lester, Jon,452657,2021,48,24,2,.167,.271,.196,3,13,0,3,
Cabrera, Asdrubal,452678,2021,309,80,36,.230,.366,.313,42,113,1,34,
LeBlanc, Wade,453281,2021,11,3,0,.000,.000,.000,0,0,0,0,
Scherzer, Max,453286,2021,59,28,0,.000,.000,.000,1,0,0,0,
Arrieta, Jake,453562,2021,23,16,2,.130,.130,.200,0,3,0,3,
Blackmon, Charlie,453568,2021,514,91,54,.270,.411,.351,78,211,3,76,
Frazier, Todd,453943,2021,35,6,3,.086,.114,.200,4,4,0,3,
Maldonado, Martin,455117,2021,373,127,47,.172,.300,.272,36,112,0,40,
Chirinos, Robinson,455139,2021,97,36,9,.227,.454,.321,15,44,0,13,
Price, David,456034,2021,15,3,0,.267,.333,.222,2,5,0,1,
Cueto, Johnny,456501,2021,29,9,3,.069,.069,.135,0,2,1,1,
Cain, Lorenzo,456715,2021,257,48,26,.257,.401,.329,36,103,13,40,
Solano, Donovan,456781,2021,307,58,25,.280,.404,.343,31,124,2,35,
McCutchen, Andrew,457705,2021,482,132,81,.222,.444,.334,80,214,6,78,
Upton, Justin,457708,2021,318,107,39,.211,.409,.296,41,130,4,47,
Maybin, Cameron,457727,2021,28,12,3,.036,.036,.182,0,1,1,2,
Turner, Justin,457759,2021,533,98,61,.278,.471,.361,87,251,3,87,
Posey III, Buster,457763,2021,395,87,56,.304,.499,.390,56,197,0,68,
Bruce, Jay,457803,2021,34,13,5,.118,.235,.231,3,8,0,3,
Happ, J.A.,457918,2021,14,5,1,.000,.000,.067,0,0,0,0,
Votto, Joey,458015,2021,448,127,77,.266,.563,.375,99,252,1,73,
Gardner, Brett,458731,2021,387,100,60,.222,.362,.323,39,140,4,47,
Joyce, Matt,459964,2021,55,16,12,.091,.218,.261,7,12,0,6,
Butera, Drew,460077,2021,32,16,0,.094,.125,.083,5,4,0,1,
Romine, Andrew,461865,2021,60,24,4,.183,.267,.234,5,16,0,7,
Andrus, Elvis,462101,2021,497,81,31,.243,.320,.292,37,159,13,60,
Sandoval, Pablo,467055,2021,73,25,11,.178,.342,.302,11,25,0,11,
Ramos, Wilson,467092,2021,151,36,9,.205,.397,.245,20,60,0,15,
Santana, Carlos,467793,2021,565,102,86,.214,.342,.319,69,193,2,66,
Parra, Gerardo,467827,2021,97,30,6,.237,.351,.290,10,34,1,13,
Carrasco, Carlos,471911,2021,15,10,0,.000,.000,.000,0,0,0,0,
Anderson, Brett,474463,2021,28,14,4,.000,.000,.118,1,0,0,2,
Mercer, Jordy,474568,2021,118,34,9,.254,.364,.307,9,43,0,13,
Belt, Brandon,474832,2021,325,103,48,.274,.597,.378,59,194,3,65,
Zimmerman, Ryan,475582,2021,255,77,16,.243,.471,.286,46,120,0,27,
Lowrie, Jed,476704,2021,457,108,49,.245,.398,.318,69,182,0,55,
Kershaw, Clayton,477132,2021,36,11,1,.222,.222,.231,3,8,0,2,
Avila, Alex,488671,2021,89,37,19,.191,.348,.342,9,31,0,5,
Brantley Jr., Michael,488726,2021,469,53,33,.311,.437,.362,47,205,1,68,
Castro, Jason,488771,2021,149,54,25,.235,.443,.352,21,66,0,22,
Miley, Wade,489119,2021,54,13,3,.185,.241,.220,3,13,0,9,
Gurriel, Yuli,493329,2021,530,68,59,.319,.462,.383,81,245,1,83,
Campbell, Eric,493472,2021,11,1,1,.273,.273,.333,0,3,0,1,
Rojas, Miguel,500743,2021,495,74,37,.265,.392,.321,48,194,13,66,
Escobar, Eduardo,500871,2021,549,124,48,.253,.472,.314,90,259,1,77,
Adrianza, Ehire,501303,2021,182,42,21,.247,.401,.325,28,73,0,32,
Lagares, Juan,501571,2021,309,76,12,.236,.372,.263,38,115,1,39,
Almonte, Abraham,501659,2021,148,38,26,.216,.399,.331,19,59,1,20,
Davis, Khris,501981,2021,102,31,10,.206,.363,.272,10,37,0,11,
Gibson, Kyle,502043,2021,29,10,0,.138,.241,.133,2,7,0,3,
Pham, Tommy,502054,2021,475,128,78,.229,.383,.340,49,182,14,74,
Martinez, J.D.,502110,2021,570,150,55,.286,.518,.349,99,295,0,92,
Espino, Paolo,502179,2021,30,15,0,.167,.167,.152,0,5,0,2,
Reddick, Josh,502210,2021,151,31,6,.258,.371,.285,21,56,0,15,
Freeman, Mike,502273,2021,59,20,5,.186,.186,.262,3,11,1,6,
Dyson, Jarrod,502481,2021,135,33,10,.207,.289,.255,10,39,10,17,
Anderson, Chase,502624,2021,11,6,0,.000,.000,.000,0,0,0,0,
Goldschmidt, Paul,502671,2021,603,136,67,.294,.514,.365,99,310,12,102,
Gonzalez, Marwin,503556,2021,276,78,20,.199,.304,.274,28,84,3,30,
Darvish, Yu,506433,2021,53,25,0,.094,.132,.109,1,7,0,2,
Leon, Sandy,506702,2021,202,65,12,.183,.267,.236,14,54,0,15,
Sanchez, Adrian,506703,2021,35,4,3,.257,.314,.316,1,11,0,5,
Altuve, Jose,514888,2021,601,91,66,.278,.489,.350,83,294,5,117,
Hernandez, Cesar,514917,2021,570,135,59,.232,.386,.308,62,220,1,84,
Segura, Jean,516416,2021,514,78,39,.290,.436,.347,58,224,9,76,
Castro, Starlin,516770,2021,315,62,26,.283,.375,.332,38,118,0,25,
Marte, Starling,516782,2021,467,99,43,.310,.458,.382,55,214,47,89,
Bumgarner, Madison,518516,2021,39,29,9,.103,.128,.269,3,5,0,3,
Culberson, Charlie,518586,2021,247,64,17,.243,.381,.292,22,94,7,23,
d'Arnaud, Travis,518595,2021,209,53,17,.220,.388,.284,26,81,0,21,
Donaldson, Josh,518626,2021,457,114,74,.247,.475,.352,72,217,0,73,
Freeman, Freddie,518692,2021,600,107,85,.300,.503,.393,83,302,8,120,
Grandal, Yasmani,518735,2021,279,82,87,.240,.520,.419,62,145,0,60,
Heyward, Jason,518792,2021,323,68,27,.214,.347,.280,30,112,5,35,
Kelly, Merrill,518876,2021,47,27,4,.064,.085,.121,1,4,0,1,
Kozma, Pete,518902,2021,11,4,1,.091,.091,.167,0,1,0,0,
LeMahieu, DJ,518934,2021,597,94,73,.268,.362,.349,57,216,4,84,
Lucroy, Jonathan,518960,2021,19,4,3,.316,.368,.391,3,7,0,2,
Moore, Matt,519043,2021,19,13,0,.000,.000,.000,0,0,0,0,
Moreland, Mitch,519048,2021,229,58,18,.227,.415,.286,30,95,0,28,
Moustakas, Mike,519058,2021,183,46,18,.208,.372,.282,22,68,0,21,
Rizzo, Anthony,519203,2021,496,87,52,.248,.440,.344,61,218,6,73,
Romine, Austin,519222,2021,60,22,2,.217,.300,.242,5,18,0,5,
Sogard, Eric,519299,2021,169,30,9,.249,.314,.283,12,53,3,16,
Souza Jr., Steven,519306,2021,33,14,2,.152,.333,.222,3,11,0,2,
Stanton, Giancarlo,519317,2021,510,157,63,.273,.516,.354,97,263,0,64,
Vogt, Stephen,519390,2021,210,56,26,.195,.333,.282,25,70,0,24,
Galvis, Freddy,520471,2021,356,77,27,.242,.407,.299,40,145,1,53,
Perez, Salvador,521692,2021,620,170,28,.273,.544,.316,121,337,1,88,
Flores, Wilmer,527038,2021,389,56,41,.262,.447,.335,53,174,1,57,
LaMarre, Ryan,534606,2021,21,6,2,.190,.476,.292,4,10,1,3,
Tovar, Wilfredo,541600,2021,11,4,1,.182,.182,.250,1,2,0,0,
Garcia, Avisail,541645,2021,461,121,38,.262,.490,.330,86,226,8,68,
Perez, Hernan,541650,2021,19,10,2,.053,.053,.143,0,1,0,1,
Inciarte, Ender,542255,2021,79,22,7,.215,.316,.270,10,25,1,11,
Ozuna, Marcell,542303,2021,188,46,19,.213,.356,.288,26,67,0,21,
Villar, Jonathan,542340,2021,454,132,46,.249,.416,.321,42,189,14,63,
Ortega, Rafael,542364,2021,296,70,30,.291,.463,.358,33,137,12,44,
Santana, Danny,542454,2021,116,30,10,.181,.345,.252,14,40,4,15,
Aguilar, Jesus,542583,2021,449,93,46,.261,.459,.325,93,206,0,49,
Anderson, Tyler,542881,2021,39,29,1,.103,.179,.125,1,7,0,1,
Berti, Jon,542932,2021,233,61,32,.210,.313,.310,19,73,8,35,
Brantly, Rob,542963,2021,20,4,0,.150,.200,.190,0,4,0,0,
Burns, Andy,542992,2021,11,1,3,.273,.364,.467,0,4,0,2,
Crawford, Brandon,543063,2021,483,105,56,.298,.522,.373,90,252,11,79,
Cron, C.J.,543068,2021,470,117,60,.281,.530,.375,92,249,1,70,
DeSclafani, Anthony,543101,2021,51,33,4,.039,.059,.097,1,3,0,2,
Dickerson, Alex,543105,2021,283,76,23,.233,.420,.304,38,119,1,37,
Gomes, Yan,543228,2021,349,78,19,.252,.421,.301,52,147,0,49,
Gray, Sonny,543243,2021,41,10,1,.146,.146,.163,0,6,0,4,
Grossman, Robbie,543257,2021,557,155,98,.239,.415,.356,67,231,20,88,
Harrison, Josh,543281,2021,505,75,31,.279,.400,.341,60,202,9,58,
Hendricks, Kyle,543294,2021,52,26,2,.115,.135,.131,1,7,0,3,
Hicks, Aaron,543305,2021,108,30,14,.194,.333,.294,14,36,0,13,
Hicks, John,543308,2021,31,8,0,.258,.677,.258,7,21,0,6,
Higashioka, Kyle,543309,2021,193,59,17,.181,.389,.246,29,75,0,20,
Hosmer, Eric,543333,2021,509,99,48,.269,.395,.336,65,201,5,53,
Lavarnway, Ryan,543432,2021,28,10,1,.250,.357,.267,0,10,0,2,
McCann, James,543510,2021,375,115,32,.232,.349,.294,46,131,1,29,
Miller, Brad,543543,2021,331,112,45,.227,.453,.321,49,150,3,53,
Nola, Austin,543592,2021,173,19,14,.272,.376,.340,29,65,0,15,
Rendon, Anthony,543685,2021,217,41,29,.240,.382,.329,34,83,0,24,
Semien, Marcus,543760,2021,652,146,66,.265,.538,.334,102,351,16,115,
Shaw, Travis,543768,2021,220,68,24,.200,.373,.284,39,82,0,20,
Springer III, George,543807,2021,299,79,37,.264,.555,.351,50,166,4,59,
Vazquez, Christian,543877,2021,458,84,33,.258,.352,.307,49,161,8,51,
Wong, Kolten,543939,2021,445,83,31,.272,.447,.335,50,199,12,70,
Gregorius, Didi,544369,2021,368,67,25,.209,.370,.270,54,136,3,35,
Garcia, Leury,544725,2021,415,97,41,.267,.376,.329,54,156,6,60,
Vargas, Ildemaro,545121,2021,77,17,6,.156,.221,.217,7,17,1,7,
Bauer, Trevor,545333,2021,30,11,1,.033,.033,.059,1,1,0,0,
Grichuk, Randal,545341,2021,511,114,27,.241,.423,.281,81,216,0,59,
Marisnick, Jake,545350,2021,176,65,11,.216,.375,.283,24,66,4,21,
Stassi, Max,545358,2021,282,101,28,.241,.426,.326,35,120,0,45,
Trout, Mike,545361,2021,117,41,27,.333,.624,.466,18,73,2,23,
Herrera, Odubel,546318,2021,450,77,29,.260,.416,.309,51,187,6,59,
Alford, Anthony,546990,2021,133,58,12,.233,.406,.311,11,54,5,14,
Almora Jr., Albert,546991,2021,52,17,2,.115,.173,.148,0,9,0,3,
Poteet, Cody,547001,2021,10,3,0,.100,.100,.091,1,1,0,1,
Ruiz, Rio,547004,2021,125,38,12,.168,.272,.241,10,34,2,11,
Wolters, Tony,547172,2021,24,12,5,.125,.125,.267,0,3,0,3,
Harper, Bryce,547180,2021,488,134,100,.309,.615,.427,84,300,13,101,
Perez, Roberto,547379,2021,141,56,17,.149,.319,.242,17,45,1,13,
Kim, Kwang Hyun,547942,2021,26,9,0,.115,.154,.138,2,4,0,0,
Abreu, Jose,547989,2021,566,143,61,.261,.481,.351,117,272,1,86,
Diaz, Elias,553869,2021,338,60,30,.246,.464,.310,44,157,0,52,
Narvaez, Omar,553882,2021,391,84,41,.266,.402,.342,49,157,0,54,
Astudillo, Willians,553902,2021,208,12,3,.236,.375,.259,21,78,0,17,
Suarez, Eugenio,553993,2021,505,171,56,.198,.428,.286,79,216,0,71,
Wheeler, Zack,554430,2021,68,39,0,.162,.191,.151,3,13,0,1,
Polanco, Gregory,570256,2021,336,104,36,.208,.354,.283,36,119,14,38,
Gonzalez, Erik,570481,2021,220,40,8,.232,.300,.258,21,66,2,17,
Urshela, Gio,570482,2021,420,109,20,.267,.419,.301,49,176,1,42,
Schoop, Jonathan,570731,2021,623,133,37,.278,.435,.320,84,271,2,85,
Adams, Matt,571431,2021,36,9,4,.167,.194,.250,2,7,0,3,
Arenado, Nolan,571448,2021,593,96,50,.255,.494,.312,105,293,2,81,
Barnhart, Tucker,571466,2021,348,100,29,.247,.368,.317,48,128,0,41,
Corbin, Patrick,571578,2021,53,24,3,.132,.132,.159,0,7,0,1,
Farmer, Kyle,571657,2021,483,97,22,.263,.416,.316,63,201,2,60,
Goodwin, Brian,571718,2021,235,58,33,.221,.374,.317,29,88,1,33,
Hamilton, Billy,571740,2021,127,47,4,.220,.378,.237,11,48,9,23,
Haniger, Mitch,571745,2021,620,169,54,.253,.485,.318,100,301,1,110,
Hernandez, Enrique,571771,2021,508,110,61,.250,.449,.337,60,228,1,84,
Holt, Brock,571788,2021,235,49,23,.209,.298,.281,23,70,5,21,
Lamb, Jake,571875,2021,144,51,22,.194,.368,.306,19,53,0,25,
Maile, Luke,571912,2021,30,7,3,.300,.433,.382,3,13,0,6,
Marrero, Deven,571918,2021,16,6,3,.188,.375,.316,1,6,1,4,
Mikolas, Miles,571945,2021,8,5,1,.000,.000,.067,0,0,0,0,
Muncy, Max,571970,2021,497,120,83,.249,.527,.368,94,262,2,95,
Myers, Wil,571976,2021,442,141,54,.256,.434,.334,63,192,8,56,
Naquin, Tyler,571980,2021,411,106,35,.270,.477,.333,70,196,5,52,
Owings, Chris,572008,2021,43,15,7,.326,.628,.420,5,27,2,9,
Piscotty, Stephen,572039,2021,173,48,13,.220,.353,.282,16,61,1,14,
Pollock, AJ,572041,2021,384,80,30,.297,.536,.355,69,206,9,53,
Seager, Kyle,572122,2021,603,161,59,.212,.438,.285,101,264,3,73,
Taylor, Michael A.,572191,2021,483,144,33,.244,.356,.295,54,172,14,58,
Thompson, Trayce,572204,2021,28,11,7,.250,.714,.400,9,20,2,6,
Voit III, Luke,572228,2021,213,74,21,.239,.437,.328,35,93,0,26,
Walker, Christian,572233,2021,401,106,38,.244,.382,.315,46,153,0,55,
Zunino, Mike,572287,2021,333,132,34,.216,.559,.301,62,186,0,64,
Carpenter, Matt,572761,2021,207,77,35,.169,.275,.305,21,57,2,18,
Dickerson, Corey,572816,2021,336,68,25,.271,.408,.326,29,137,6,43,
Garneau, Dustin,572863,2021,62,18,3,.210,.581,.250,11,36,0,9,
Ruf, Darin,573131,2021,262,87,46,.271,.519,.385,43,136,2,41,
Stroman, Marcus,573186,2021,51,24,4,.098,.137,.155,1,7,1,2,
Yastrzemski, Mike,573262,2021,468,131,51,.224,.457,.310,71,214,4,75,
Contreras, Willson,575929,2021,413,138,52,.237,.438,.340,57,181,5,61,
Iglesias, Jose,578428,2021,483,75,21,.271,.391,.309,48,189,5,65,
Torreyes, Ronald,591720,2021,318,41,19,.242,.346,.282,41,110,2,30,
Valera, Breyvic,591971,2021,87,12,8,.253,.356,.309,15,31,1,10,
Bryant, Kris,592178,2021,513,135,62,.265,.481,.353,73,247,10,86,
Canha, Mark,592192,2021,519,128,77,.231,.387,.358,61,201,12,93,
Casali, Curt,592200,2021,200,66,26,.210,.350,.312,26,70,0,20,
Castellanos, Nick,592206,2021,531,121,41,.309,.576,.362,100,306,3,95,
DeShields, Delino,592261,2021,47,11,9,.255,.426,.362,6,20,2,4,
Drury, Brandon,592273,2021,84,22,3,.274,.476,.307,14,40,0,7,
Gamel, Ben,592325,2021,340,105,51,.247,.388,.345,26,132,3,43,
Gausman, Kevin,592332,2021,54,31,2,.185,.185,.194,4,10,0,6,
Gonzalez, Chi Chi,592346,2021,31,16,1,.161,.194,.176,1,6,0,3,
Goodrum, Niko,592348,2021,290,107,29,.214,.359,.292,33,104,14,39,
Gray, Jon,592351,2021,47,32,0,.106,.106,.100,3,5,0,2,
Holaday, Bryan,592407,2021,31,15,1,.194,.258,.265,1,8,0,2,
Jones, JaCoby,592444,2021,100,42,5,.170,.250,.210,9,25,2,9,
Judge, Aaron,592450,2021,550,158,75,.287,.544,.373,98,299,6,89,
Machado, Manny,592518,2021,564,102,63,.278,.489,.347,106,276,12,92,
Marmolejos, Jose,592530,2021,106,39,15,.160,.311,.262,12,33,0,11,
Moran, Colin,592567,2021,318,87,36,.258,.390,.334,50,124,1,29,
Payton, Mark,592622,2021,22,7,2,.182,.182,.250,0,4,0,2,
Pederson, Joc,592626,2021,429,117,39,.238,.422,.310,61,181,2,55,
Ramos, Henry,592656,2021,50,12,4,.200,.300,.255,8,15,0,5,
Realmuto, J.T.,592663,2021,476,129,48,.263,.439,.343,73,209,13,64,
Renfroe, Hunter,592669,2021,521,130,44,.259,.501,.315,96,261,1,89,
Rosario, Eddie,592696,2021,379,61,26,.259,.435,.303,62,165,11,42,
Sampson, Adrian,592716,2021,7,7,0,.000,.000,.000,0,0,0,0,
Sanchez, Aaron,592717,2021,10,7,0,.000,.000,.000,0,0,0,0,
Simmons, Andrelton,592743,2021,412,62,32,.223,.274,.282,31,113,1,37,
Smith, Caleb,592761,2021,22,14,1,.091,.136,.160,0,3,1,2,
Smyly, Drew,592767,2021,41,19,0,.073,.073,.070,0,3,0,0,
Velasquez, Vince,592826,2021,23,9,2,.087,.087,.133,3,2,0,0,
Walker, Taijuan,592836,2021,47,29,1,.106,.106,.137,1,5,0,0,
Wilkerson, Stevie,592859,2021,72,30,3,.167,.208,.211,2,15,2,5,
Williams, Mason,592863,2021,33,9,4,.212,.333,.297,1,11,0,3,
Williams, Trevor,592866,2021,25,9,1,.200,.200,.214,1,5,0,1,
Yelich, Christian,592885,2021,399,113,70,.248,.373,.362,51,149,9,70,
Merrifield, Whit,593160,2021,664,103,40,.277,.395,.317,74,262,40,97,
Martinez, Carlos,593372,2021,24,15,0,.083,.125,.080,0,3,0,1,
Bogaerts, Xander,593428,2021,529,113,62,.295,.493,.370,79,261,5,90,
Bonifacio, Jorge,593528,2021,11,6,1,.091,.091,.167,2,1,0,0,
Rivas, Webster,593590,2021,68,16,8,.221,.338,.299,4,23,0,8,
Alberto, Hanser,593643,2021,241,26,4,.270,.402,.286,24,97,4,25,
Polanco, Jorge,593871,2021,588,118,45,.269,.503,.323,98,296,11,97,
Sano, Miguel,593934,2021,470,183,59,.223,.466,.312,75,219,2,68,
Difo, Wilmer,594694,2021,219,54,20,.269,.384,.329,24,84,1,25,
Calhoun, Kole,594777,2021,166,41,15,.235,.373,.297,17,62,1,17,
deGrom, Jacob,594798,2021,33,9,0,.364,.394,.364,6,13,0,4,
Duvall, Adam,594807,2021,513,174,35,.228,.491,.281,113,252,5,67,
Eaton, Adam,594809,2021,254,71,22,.201,.327,.278,30,83,3,38,
Gosselin, Phil,594838,2021,345,81,24,.261,.362,.314,47,125,4,40,
Schebler, Scott,594988,2021,34,17,0,.147,.235,.147,0,8,0,3,
Kiermaier, Kevin,595281,2021,348,99,33,.259,.388,.328,37,135,9,54,
Knapp, Andrew,595284,2021,145,61,10,.152,.214,.214,11,31,0,13,
Wallach, Chad,595453,2021,60,32,3,.200,.267,.242,6,16,0,2,
Alfaro, Jorge,595751,2021,295,99,11,.244,.342,.283,30,101,8,22,
Profar, Jurickson,595777,2021,353,65,49,.227,.320,.328,33,113,10,47,
Baez, Javier,595879,2021,502,184,28,.265,.494,.318,87,248,18,80,
Cave, Jake,595909,2021,164,62,10,.189,.293,.247,13,48,1,14,
Evans, Phillip,595943,2021,214,53,28,.206,.299,.312,16,64,1,23,
Gallagher, Cam,595956,2021,112,20,8,.250,.330,.290,7,37,0,9,
Hedges, Austin,595978,2021,286,87,15,.178,.308,.215,31,88,1,32,
Heineman, Scott,595981,2021,30,15,3,.100,.300,.206,3,9,0,5,
Lindor, Francisco,596019,2021,452,96,58,.230,.412,.319,63,186,10,73,
Nogowski Jr., John,596056,2021,129,22,12,.233,.310,.301,14,40,0,14,
Odor, Rougned,596059,2021,322,100,27,.202,.379,.285,39,122,0,42,
Slater, Austin,596103,2021,274,84,28,.241,.423,.320,32,116,15,39,
Story, Trevor,596115,2021,526,139,53,.251,.471,.329,75,248,20,88,
Stubbs, Garrett,596117,2021,34,7,2,.176,.235,.211,3,8,0,2,
Vogelbach, Daniel,596129,2021,215,57,43,.219,.381,.349,24,82,0,30,
Weaver, Luke,596133,2021,19,12,1,.105,.105,.136,1,2,0,1,
Sanchez, Gary,596142,2021,383,121,52,.204,.423,.307,54,162,0,54,
Kepler, Max,596146,2021,426,96,54,.211,.413,.306,54,176,10,61,
Gomber, Austin,596295,2021,32,13,1,.094,.094,.095,1,3,0,0,
Quinn, Roman,596451,2021,52,19,6,.173,.288,.306,2,15,4,8,
Franco, Maikel,596748,2021,377,67,20,.210,.355,.253,47,134,0,31,
Garcia, Robel,596825,2021,106,42,8,.151,.208,.214,8,22,0,8,
Choi, Ji-Man,596847,2021,258,87,45,.229,.411,.348,45,106,0,36,
Bradley Jr., Jackie,598265,2021,387,132,28,.163,.261,.236,29,101,7,39,
Motter, Taylor,600301,2021,26,8,3,.192,.308,.276,1,8,0,5,
La Stella, Tommy,600303,2021,220,26,18,.250,.405,.306,27,89,0,26,
Severino, Pedro,600474,2021,379,109,34,.248,.383,.308,46,145,0,32,
Nunez, Renato,600524,2021,53,16,1,.189,.472,.218,7,25,0,7,
Candelario, Jeimer,600869,2021,557,135,65,.271,.443,.351,67,247,0,75,
Daza, Yonathan,602074,2021,301,60,21,.282,.355,.326,30,107,2,26,
Urias, Ramon,602104,2021,262,76,28,.279,.412,.361,38,108,1,33,
Rondon, Jose,602922,2021,80,17,8,.263,.413,.322,9,33,2,13,
Ahmed, Nick,605113,2021,434,104,34,.221,.339,.279,38,147,7,46,
Anderson, Brian,605119,2021,233,65,26,.249,.378,.337,28,88,5,24,
Barnes, Austin,605131,2021,200,56,20,.215,.345,.298,23,69,1,28,
Bell, Josh,605137,2021,498,101,65,.261,.476,.347,88,237,0,75,
Betts, Mookie,605141,2021,466,86,68,.264,.487,.367,58,227,10,93,
Caratini, Victor,605170,2021,313,82,35,.227,.323,.309,39,101,2,33,
Davies, Zach,605200,2021,34,8,0,.176,.176,.136,2,6,0,2,
Davis, J.D.,605204,2021,179,68,24,.285,.436,.384,23,78,1,18,
Garcia, Aramis,605244,2021,88,28,1,.205,.318,.234,7,28,0,8,
Houser, Adrian,605288,2021,42,30,2,.071,.214,.109,2,9,0,2,
Lopez, Jack,605346,2021,13,6,1,.154,.308,.188,0,4,0,2,
Machin, Vimael,605353,2021,32,10,3,.125,.125,.189,1,4,0,1,
Martini, Nick,605361,2021,37,10,6,.270,.297,.356,4,11,0,4,
Musgrove, Joe,605397,2021,51,23,1,.137,.176,.140,1,9,0,2,
Nola, Aaron,605400,2021,49,29,6,.143,.184,.206,4,9,0,5,
Panik, Joe,605412,2021,236,34,17,.208,.284,.265,18,67,2,17,
Perez, Michael,605421,2021,210,68,19,.143,.290,.221,21,61,0,19,
Ross, Joe,605452,2021,32,14,1,.250,.250,.256,3,8,0,1,
Snell, Blake,605483,2021,34,17,0,.118,.118,.108,0,4,0,1,
Thompson, Zach,605507,2021,15,9,0,.133,.200,.111,0,3,0,0,
Woodruff, Brandon,605540,2021,52,28,3,.115,.115,.155,2,6,0,0,
Zimmer, Bradley,605548,2021,299,122,30,.227,.344,.325,35,103,15,44,
Castro, Harold,605612,2021,315,72,14,.283,.359,.307,37,113,1,35,
Arcia, Orlando,606115,2021,81,19,7,.198,.309,.258,14,25,1,9,
Tapia, Raimel,606132,2021,487,70,40,.273,.372,.326,50,181,20,69,
Aquino, Aristides,606157,2021,174,75,27,.190,.408,.299,23,71,2,25,
Hernandez, Teoscar,606192,2021,550,148,36,.296,.524,.346,116,288,12,92,
Mercedes, Yermin,606213,2021,240,46,20,.271,.404,.328,37,97,0,26,
Peraza, Jose,606299,2021,142,26,9,.204,.380,.266,20,54,1,21,
Marte, Ketel,606466,2021,340,60,31,.318,.532,.377,50,181,2,52,
Greiner, Grayson,606988,2021,72,31,9,.236,.333,.317,7,24,0,7,
Haase, Eric,606992,2021,351,119,26,.231,.459,.286,61,161,2,48,
Hager, Jake,606993,2021,26,14,4,.115,.115,.233,2,3,0,2,
Nimmo, Brandon,607043,2021,325,79,54,.292,.437,.399,28,142,5,51,
Peterson, Jace,607054,2021,259,68,38,.247,.367,.348,31,95,10,36,
Wilson, Jacob,607111,2021,20,3,1,.150,.300,.190,1,6,0,3,
Fedde, Erick,607200,2021,36,14,1,.000,.000,.023,1,0,0,0,
Turner, Trea,607208,2021,595,110,41,.328,.536,.375,77,319,32,107,
Gant, John,607231,2021,13,8,0,.000,.000,.000,0,0,0,0,
Smith, Kevan,607345,2021,95,31,10,.168,.200,.245,3,19,0,8,
Beaty, Matt,607461,2021,204,44,20,.270,.402,.363,40,82,2,35,
Blandino, Alex,607468,2021,70,28,8,.200,.257,.317,5,18,1,9,
Freeland, Kyle,607536,2021,33,17,2,.182,.212,.200,4,7,0,3,
Pillar, Kevin,607680,2021,325,81,11,.231,.415,.277,47,135,4,40,
Stallings, Jacob,607732,2021,374,85,49,.246,.369,.335,53,138,0,38,
Ramirez, Jose,608070,2021,552,87,72,.266,.538,.355,103,297,27,111,
Bregman, Alex,608324,2021,348,53,44,.270,.422,.355,55,147,1,54,
De Jong, Chase,608328,2021,12,5,0,.083,.167,.067,0,2,0,1,
Fried, Max,608331,2021,55,18,4,.273,.327,.284,5,18,0,7,
Gallo, Joey,608336,2021,498,213,111,.199,.458,.351,77,228,6,90,
Kelly, Carson,608348,2021,304,74,44,.240,.411,.343,46,125,0,41,
Seager, Corey,608369,2021,353,66,48,.306,.521,.394,57,184,1,54,
Williams, Nick,608384,2021,10,4,1,.000,.000,.231,0,0,0,2,
Winker, Jesse,608385,2021,423,75,53,.305,.556,.394,71,235,1,77,
Godoy, Jose,608422,2021,37,14,3,.162,.189,.225,3,7,0,2,
Marquez, German,608566,2021,53,13,0,.264,.415,.233,9,22,0,5,
Mazara, Nomar,608577,2021,165,45,15,.212,.321,.276,19,53,0,12,
Murphy, Tom,608596,2021,277,99,40,.202,.350,.302,34,97,0,35,
Guzman, Ronald,608597,2021,16,6,1,.063,.250,.118,1,4,0,1,
Jankowski, Travis,608671,2021,131,29,22,.252,.351,.357,10,46,5,24,
Mayfield, Jack,608686,2021,266,68,17,.218,.387,.269,39,103,5,30,
Plawecki, Kevin,608700,2021,157,26,12,.287,.389,.347,15,61,0,15,
Refsnyder, Rob,608701,2021,139,40,17,.245,.338,.325,12,47,1,21,
Mondesi, Adalberto,609275,2021,126,43,6,.230,.452,.265,17,57,15,19,
Andujar, Miguel,609280,2021,154,28,7,.253,.383,.284,12,59,0,19,
Vosler, Jason,613564,2021,73,21,7,.178,.356,.256,9,26,2,12,
Cordero, Franchy,614173,2021,127,51,8,.189,.260,.235,9,33,1,12,
Reyes, Franmil,614177,2021,418,149,43,.254,.522,.324,85,218,4,57,
Torrens, Luis,620443,2021,346,99,28,.243,.431,.299,47,149,0,39,
Robertson, Daniel,621002,2021,73,28,12,.164,.274,.300,4,20,0,10,
Lopes, Tim,621005,2021,10,4,1,.100,.100,.182,0,1,0,1,
Martin Jr., Richie,621006,2021,98,28,4,.235,.286,.267,8,28,0,9,
Schrock, Max,621011,2021,125,24,8,.288,.448,.328,14,56,1,19,
Swanson, Dansby,621020,2021,588,167,52,.248,.449,.311,88,264,9,78,
Newman, Kevin,621028,2021,517,41,27,.226,.309,.262,39,160,6,50,
Taylor, Chris,621035,2021,507,167,63,.254,.438,.344,73,222,13,92,
Correa, Carlos,621043,2021,555,116,75,.279,.485,.366,92,269,0,104,
Eflin, Zach,621107,2021,29,15,1,.000,.000,.054,1,0,0,1,
Buehler, Walker,621111,2021,69,45,5,.101,.130,.146,3,9,0,5,
Mills, Alec,621219,2021,32,26,0,.031,.063,.028,0,2,0,1,
Dahl, David,621311,2021,205,59,10,.210,.322,.245,18,66,2,19,
Phillips, Brett,621433,2021,253,113,33,.206,.427,.298,44,108,14,50,
Taylor, Tyrone,621438,2021,243,59,20,.247,.457,.321,43,111,6,33,
Buxton, Byron,621439,2021,235,62,13,.306,.647,.358,32,152,10,50,
Brinson, Lewis,621446,2021,274,72,13,.226,.376,.262,33,103,1,24,
Bolt, Skye,621450,2021,57,15,1,.088,.158,.100,4,9,2,5,
Duggar, Steven,621453,2021,268,88,27,.257,.437,.330,35,117,7,45,
Rios, Edwin,621458,2021,51,18,7,.078,.137,.217,1,7,0,4,
Stewart, DJ,621466,2021,270,89,44,.204,.374,.324,33,101,0,39,
Ward, Taylor,621493,2021,208,55,20,.250,.438,.329,33,91,1,33,
Mathisen, Wyatt,621500,2021,42,21,5,.119,.190,.255,8,8,0,3,
Nido, Tomas,621512,2021,153,44,5,.222,.327,.261,13,50,1,16,
Bemboom, Anthony,621532,2021,27,10,1,.222,.222,.250,2,6,0,2,
Wisdom, Patrick,621550,2021,338,153,32,.231,.518,.304,61,175,4,54,
Moroff, Max,621559,2021,16,10,0,.063,.063,.063,1,1,0,0,
Wendle, Joey,621563,2021,460,113,28,.265,.422,.319,54,194,8,73,
Olson, Matt,621566,2021,565,113,88,.271,.540,.371,111,305,4,101,
Dean, Austin,621573,2021,30,11,6,.233,.400,.342,7,12,0,5,
Wood, Alex,622072,2021,38,26,5,.000,.000,.106,0,0,0,0,
Jones, Taylor,622100,2021,102,29,4,.245,.402,.269,16,41,0,11,
Duffy, Matt,622110,2021,289,63,25,.287,.381,.357,30,110,8,45,
Munoz, Yairo,622168,2021,11,2,0,.091,.091,.091,0,1,0,0,
Walton, Donovan,622268,2021,63,15,4,.206,.365,.246,7,23,1,6,
Castillo, Luis,622491,2021,49,23,1,.163,.204,.153,2,10,0,1,
Crismatt, Nabil,622503,2021,10,6,0,.000,.000,.000,0,0,0,0,
Margot, Manuel,622534,2021,421,70,37,.254,.382,.313,57,161,13,55,
Reyes, Pablo,622569,2021,78,15,9,.256,.359,.333,3,28,4,12,
Senzatela, Antonio,622608,2021,39,19,0,.051,.051,.039,1,2,0,1,
Camargo, Johan,622666,2021,16,6,2,.000,.000,.111,0,0,0,1,
Reyes, Victor,622682,2021,209,55,8,.258,.416,.282,22,87,5,26,
Hernandez, Elieser,622694,2021,14,7,0,.071,.071,.056,0,1,0,1,
Mateo, Jorge,622761,2021,194,55,9,.247,.376,.292,14,73,10,19,
Velazquez, Andrew,623205,2021,67,23,1,.224,.358,.235,6,24,4,11,
Giambrone, Trent,623508,2021,13,4,0,.154,.154,.154,0,2,0,0,
Bote, David,623520,2021,291,73,27,.199,.330,.275,35,96,0,32,
Ramirez, Harold,623912,2021,339,56,14,.268,.398,.305,41,135,3,33,
Santander, Anthony,623993,2021,406,101,23,.241,.433,.285,50,176,1,54,
Suarez, Ranger,624133,2021,16,5,1,.188,.313,.217,1,5,0,2,
Alonso, Pete,624413,2021,561,127,60,.262,.519,.344,94,291,3,81,
Arroyo, Christian,624414,2021,164,44,8,.262,.445,.320,25,73,1,22,
Biggio, Cavan,624415,2021,250,78,37,.224,.356,.320,27,89,3,27,
Conforto, Michael,624424,2021,406,104,59,.232,.384,.344,55,156,1,52,
Frazier, Adam,624428,2021,577,69,48,.305,.411,.366,43,237,10,83,
Trevino, Jose,624431,2021,285,57,12,.239,.340,.265,30,97,1,23,
Gordon, Nick,624503,2021,200,55,12,.240,.355,.292,23,71,10,19,
McGuire, Reese,624512,2021,198,44,15,.253,.343,.309,10,68,0,22,
Nunez, Dom,624513,2021,228,91,34,.189,.399,.293,33,91,0,31,
Soler, Jorge,624585,2021,516,142,67,.223,.432,.312,70,223,0,74,
Sosa, Edmundo,624641,2021,288,63,17,.271,.389,.344,27,112,4,39,
Heredia, Guillermo,628338,2021,305,81,32,.220,.354,.311,26,108,0,46,
Hernandez, Yadiel,628450,2021,264,59,22,.273,.413,.329,32,109,3,33,
Ibanez, Andy,628451,2021,253,35,15,.277,.435,.320,25,110,0,31,
Urias, Julio,628711,2021,59,22,0,.203,.237,.186,9,14,0,5,
Cronenworth, Jake,630105,2021,567,90,55,.266,.460,.336,71,261,4,94,
Crowe, Wil,640444,2021,35,14,1,.057,.086,.098,0,3,0,2,
Frazier, Clint,640449,2021,183,65,32,.186,.317,.317,15,58,2,20,
Meadows, Austin,640457,2021,518,122,59,.234,.458,.315,106,237,5,79,
Mercado, Oscar,640458,2021,214,42,21,.224,.369,.298,19,79,7,27,
Pinder, Chad,640461,2021,214,62,16,.243,.411,.300,27,88,1,30,
Alzolay, Adbert,640470,2021,31,13,1,.065,.097,.091,0,3,0,1,
Lopez, Pablo,641154,2021,33,17,0,.061,.121,.057,0,4,0,2,
Anderson, Tim,641313,2021,527,119,22,.309,.469,.338,61,247,18,94,
Bauers, Jake,641343,2021,282,78,30,.209,.277,.289,19,78,6,27,
Bellinger, Cody,641355,2021,315,94,31,.165,.302,.240,36,95,3,39,
Calhoun, Willie,641432,2021,260,34,21,.250,.381,.310,25,99,0,26,
Collins, Zack,641470,2021,195,69,34,.210,.338,.329,26,66,1,25,
Crawford, J.P.,641487,2021,619,114,58,.273,.376,.338,54,233,3,89,
Davis, Jonathan,641505,2021,87,26,12,.126,.172,.252,4,15,4,20,
Dozier, Hunter,641531,2021,487,154,43,.216,.394,.285,54,192,5,55,
Engel, Adam,641553,2021,123,31,11,.252,.496,.336,18,61,7,21,
Fargas, Johneshwy,641561,2021,52,15,1,.250,.385,.259,5,20,1,4,
Fowler, Dustin,641583,2021,41,20,3,.171,.195,.239,2,8,1,3,
Fraley, Jake,641584,2021,214,71,46,.210,.369,.351,36,79,10,27,
Garver, Mitch,641598,2021,207,71,31,.256,.517,.358,34,107,1,29,
Guillorme, Luis,641645,2021,132,23,23,.265,.311,.372,5,41,0,13,
Hampson, Garrett,641658,2021,453,118,33,.234,.380,.287,33,172,17,69,
Heim, Jonah,641680,2021,265,58,15,.196,.358,.239,32,95,3,22,
Hermosillo, Michael,641684,2021,36,12,1,.194,.500,.237,7,18,0,5,
Kuhl, Chad,641771,2021,21,11,1,.048,.048,.083,0,1,0,1,
Lauer, Eric,641778,2021,26,15,3,.154,.269,.216,4,7,0,3,
Lewis, Kyle,641786,2021,130,37,16,.246,.392,.333,11,51,2,15,
Locastro, Tim,641796,2021,139,33,7,.180,.252,.263,7,35,5,15,
Mahle, Tyler,641816,2021,55,19,4,.055,.055,.106,1,3,0,1,
Mancini III, Trey,641820,2021,556,143,51,.255,.432,.326,71,240,0,77,
Martin, Jason,641829,2021,144,41,8,.208,.354,.247,17,51,3,14,
McKinney, Billy,641856,2021,265,79,32,.192,.358,.280,27,95,2,32,
McMahon, Ryan,641857,2021,528,147,59,.254,.449,.331,86,237,6,80,
Neuse, Sheldon,641914,2021,65,26,1,.169,.323,.182,4,21,1,6,
Nottingham, Jacob,641924,2021,40,20,2,.150,.400,.222,6,16,0,5,
O'Neill, Tyler,641933,2021,482,168,38,.286,.560,.352,80,270,15,89,
Palacios, Josh,641943,2021,35,11,3,.200,.200,.286,4,7,0,7,
Rogers, Josh,642028,2021,12,4,1,.000,.000,.071,0,0,0,0,
Sisco, Chance,642082,2021,74,21,7,.149,.189,.241,4,14,0,5,
Smith, Dominic,642086,2021,446,112,32,.244,.363,.304,58,162,2,43,
Smith, Riley,642092,2021,16,11,0,.000,.000,.000,0,0,0,0,
Tellez, Rowdy,642133,2021,297,65,23,.242,.414,.305,36,123,0,34,
Valaika, Pat,642162,2021,259,76,16,.201,.290,.249,25,75,1,17,
VanMeter, Josh,642165,2021,274,83,33,.212,.354,.297,36,97,3,26,
Wade, Tyler,642180,2021,127,37,16,.268,.323,.352,5,41,17,31,
White, Eli,642201,2021,198,66,18,.177,.308,.259,15,61,4,26,
Widener, Taylor,642203,2021,16,11,1,.063,.063,.111,0,1,0,1,
Williams, Justin,642211,2021,119,46,17,.160,.261,.270,11,31,0,10,
Wong, Kean,642221,2021,60,17,2,.167,.233,.182,6,14,0,3,
Mejia, Francisco,642336,2021,250,49,17,.260,.416,.321,35,104,0,31,
Siri, Jose,642350,2021,46,17,1,.304,.609,.347,9,28,3,10,
Sierra, Magneuris,642423,2021,209,50,15,.230,.268,.280,5,56,11,27,
Peralta, Freddy,642547,2021,43,22,1,.093,.093,.111,0,4,0,1,
Rosario, Amed,642708,2021,550,120,31,.282,.409,.321,57,225,13,77,
Adames, Willy,642715,2021,497,156,57,.262,.481,.337,73,239,5,77,
Gutierrez, Kelvin,642721,2021,272,76,19,.232,.316,.292,20,86,0,23,
Alcantara, Sergio,642727,2021,220,74,30,.205,.327,.302,17,72,3,30,
Estrada, Thairo,642731,2021,121,23,9,.273,.479,.333,22,58,2,19,
Leyba, Domingo,642736,2021,87,23,8,.115,.161,.198,4,14,0,6,
Wynns, Austin,642851,2021,130,31,8,.185,.308,.230,14,40,1,14,
Benintendi, Andrew,643217,2021,493,97,36,.276,.442,.323,73,218,8,63,
Cooper, Garrett,643265,2021,215,68,30,.284,.465,.380,33,100,1,30,
Craig, Will,643269,2021,60,22,5,.217,.300,.277,3,18,0,5,
Dubon, Mauricio,643289,2021,175,41,9,.240,.377,.278,22,66,3,20,
Jansen, Danny,643376,2021,184,44,17,.223,.473,.298,28,87,0,32,
Kemp, Tony,643393,2021,330,51,52,.279,.418,.378,37,138,8,54,
Kiner-Falefa, Isiah,643396,2021,635,90,28,.271,.357,.312,53,227,20,74,
Long Jr., Shed,643418,2021,111,39,9,.198,.360,.256,17,40,1,13,
McNeil, Jeff,643446,2021,386,58,29,.251,.360,.319,35,139,3,48,
Schwindel, Frank,643524,2021,242,41,16,.326,.591,.371,43,143,2,44,
Tauchman, Mike,643565,2021,166,58,23,.181,.283,.283,15,47,3,22,
Chang, Yu,644374,2021,237,69,11,.228,.426,.267,39,101,1,32,
Tromp, Chadwick,644433,2021,18,4,0,.222,.389,.222,2,7,0,1,
Alcantara, Sandy,645261,2021,58,45,3,.034,.052,.094,0,3,0,0,
Albies, Ozzie,645277,2021,629,128,47,.259,.488,.310,106,307,20,103,
Robles, Victor,645302,2021,315,85,33,.203,.295,.306,19,93,8,37,
Ford, Mike,645801,2021,60,23,11,.133,.283,.278,5,17,0,6,
Devers, Rafael,646240,2021,591,143,62,.279,.538,.352,113,318,5,101,
Naylor, Josh,647304,2021,233,45,14,.253,.399,.300,21,93,1,28,
Toro, Abraham,647351,2021,335,54,31,.239,.373,.315,46,125,6,45,
Diaz, Aledmys,649557,2021,294,62,16,.259,.405,.317,45,119,0,28,
Urias, Luis,649966,2021,490,116,63,.249,.445,.342,75,218,5,77,
Diaz, Lewin,650331,2021,122,33,6,.205,.451,.242,13,55,0,16,
Arraez, Luis,650333,2021,428,48,43,.294,.376,.357,42,161,2,58,
Jimenez, Eloy,650391,2021,213,57,16,.249,.437,.303,37,93,0,23,
Torres, Gleyber,650402,2021,459,104,50,.259,.366,.329,51,168,14,50,
Castro, Willi,650489,2021,413,109,23,.220,.351,.271,38,145,9,56,
Diaz, Yandy,650490,2021,465,85,69,.256,.387,.353,64,180,1,62,
De La Cruz, Bryan,650559,2021,199,53,18,.296,.427,.356,19,85,1,17,
Rengifo, Luis,650859,2021,174,38,9,.201,.310,.242,18,54,1,22,
Pozo, Yohel,650968,2021,74,10,3,.284,.378,.312,9,28,0,8,
Adams, Riley,656180,2021,99,40,15,.222,.384,.358,10,38,0,13,
Allen, Greg,656185,2021,37,13,5,.270,.432,.417,2,16,5,9,
Bradley, Bobby,656252,2021,245,99,25,.208,.445,.294,41,109,0,36,
Chapman, Matt,656305,2021,529,202,80,.210,.403,.314,72,213,3,75,
Chavis, Michael,656308,2021,121,42,1,.248,.397,.258,11,48,1,16,
Deichmann, Greg,656364,2021,30,14,1,.133,.133,.161,1,4,0,0,
Diaz, Isan,656371,2021,238,73,34,.193,.282,.291,17,67,1,25,
Ellis, Drew,656403,2021,69,27,10,.130,.203,.277,5,14,0,10,
Fairchild, Stuart,656413,2021,15,3,1,.133,.200,.235,2,3,0,3,
Flaherty, Jack,656427,2021,17,7,5,.118,.294,.269,3,5,0,2,
Gilbert, Tyler,656457,2021,9,6,0,.000,.000,.000,0,0,0,0,
Gittens, Chris,656467,2021,36,13,7,.111,.194,.250,5,7,0,1,
Harrison, Monte,656509,2021,10,3,0,.200,.300,.182,0,3,0,0,
Haseley, Adam,656514,2021,21,4,0,.190,.238,.190,0,5,0,2,
Hill, Derek,656537,2021,139,42,10,.259,.388,.313,14,54,6,19,
Hilliard, Sam,656541,2021,214,87,23,.215,.463,.294,34,99,5,32,
Hoffman, Jeff,656546,2021,15,3,0,.133,.133,.125,1,2,0,1,
Holloway, Jordan,656548,2021,10,6,0,.100,.100,.100,0,1,0,0,
Hoskins, Rhys,656555,2021,389,108,47,.247,.530,.334,71,206,3,64,
Jackson, Alex,656577,2021,131,73,13,.137,.237,.252,12,31,0,13,
Joe, Connor,656582,2021,179,41,26,.285,.469,.379,35,84,0,23,
Keller, Mitch,656605,2021,28,14,2,.107,.107,.156,0,3,0,2,
Luplow, Jordan,656669,2021,163,57,28,.202,.454,.326,28,74,1,23,
McKinstry, Zach,656716,2021,158,50,10,.215,.405,.262,29,64,1,19,
Megill, Tylor,656731,2021,28,17,1,.214,.321,.226,0,9,0,1,
Mullins II, Cedric,656775,2021,602,125,59,.291,.518,.359,59,312,30,91,
O'Hearn, Ryan,656811,2021,236,71,13,.225,.369,.268,29,87,0,23,
Padlo, Kevin,656821,2021,13,9,2,.077,.154,.200,0,2,0,1,
Peters, DJ,656847,2021,223,82,12,.197,.422,.242,38,94,2,29,
Peterson, David,656849,2021,16,10,0,.063,.125,.100,0,2,0,2,
Rivera, Emmanuel,656896,2021,90,21,8,.256,.333,.316,5,30,2,13,
Schwarber, Kyle,656941,2021,399,127,64,.266,.554,.374,71,221,1,76,
Smith, Pavin,656976,2021,498,106,42,.267,.404,.328,49,201,1,68,
Steele, Justin,657006,2021,13,4,0,.154,.154,.154,0,2,0,3,
Stokes Jr., Troy,657011,2021,18,5,1,.111,.167,.200,2,3,1,2,
Thomas, Lane,657041,2021,226,63,37,.235,.412,.341,28,93,7,35,
Toussaint, Touki,657053,2021,15,9,2,.000,.000,.111,0,0,0,1,
Tucker, Cole,657061,2021,117,33,13,.222,.342,.298,12,40,2,15,
Verdugo, Alex,657077,2021,544,96,51,.289,.426,.351,63,232,6,88,
White, Evan,657108,2021,97,31,6,.144,.237,.202,9,23,0,8,
Wong, Connor,657136,2021,13,7,1,.308,.538,.357,1,7,0,3,
Alvarez, Eddy,657193,2021,64,18,4,.188,.328,.297,6,21,1,8,
Webb, Logan,657277,2021,46,21,2,.130,.283,.151,7,13,0,7,
O'Grady, Brian,657434,2021,51,17,8,.157,.333,.262,9,17,0,8,
DeJong, Paul,657557,2021,356,103,35,.197,.390,.284,45,139,4,44,
Laureano, Ramon,657656,2021,341,98,27,.246,.443,.317,39,151,12,43,
Sheets, Gavin,657757,2021,160,40,16,.250,.506,.324,34,81,0,23,
Fuentes, Joshua,658069,2021,271,65,12,.225,.351,.257,33,95,0,30,
Olivares, Edward,658668,2021,101,19,5,.238,.406,.288,12,41,2,14,
Moncada, Yoan,660162,2021,520,157,84,.263,.412,.375,61,214,3,74,
Ohtani, Shohei,660271,2021,537,189,96,.257,.592,.372,100,318,26,103,
Tsutsugo, Yoshi,660294,2021,230,72,29,.217,.383,.305,32,88,0,27,
Arauz, Jonathan,660620,2021,65,15,8,.185,.369,.267,8,24,0,9,
Ynoa, Huascar,660623,2021,32,15,0,.219,.438,.219,6,14,0,3,
Hernandez, Yonny,660634,2021,143,32,17,.217,.252,.313,6,36,11,15,
Brujan, Vidal,660644,2021,26,8,0,.077,.077,.077,2,2,1,3,
Acuna Jr., Ronald,660670,2021,297,85,49,.283,.596,.394,52,177,17,72,
Ruiz, Keibert,660688,2021,88,9,6,.273,.409,.333,15,36,0,10,
Tejeda, Anderson,660731,2021,16,10,1,.063,.063,.118,0,1,1,1,
Sanchez, Jesus,660821,2021,227,78,20,.251,.489,.319,36,111,0,27,
Park, Hoy,660829,2021,128,38,18,.195,.336,.293,14,43,1,16,
Gutierrez, Vladimir,661269,2021,33,14,2,.091,.091,.119,1,3,0,3,
Contreras, William,661388,2021,163,54,19,.215,.399,.303,23,65,0,19,
Varsho, Daulton,662139,2021,284,67,30,.246,.437,.317,38,124,6,41,
Jones, Jahmai,663330,2021,67,26,4,.149,.194,.208,3,13,1,5,
Nootbaar, Lars,663457,2021,109,28,13,.239,.422,.315,15,46,2,15,
Nevin, Tyler,663527,2021,14,5,4,.286,.643,.444,3,9,0,3,
Hoerner, Nico,663538,2021,149,25,17,.302,.369,.382,16,55,5,13,
Riley, Austin,663586,2021,590,168,52,.303,.531,.367,107,313,0,91,
Madrigal, Nick,663611,2021,200,17,11,.305,.425,.349,21,85,1,30,
Larnach, Trevor,663616,2021,260,104,31,.223,.350,.322,28,91,1,29,
Mountcastle, Ryan,663624,2021,534,161,41,.255,.487,.309,89,260,4,77,
McKenna, Ryan,663630,2021,169,74,24,.183,.266,.289,14,45,1,20,
Hayes, Ke'Bryan,663647,2021,362,87,31,.257,.373,.316,38,135,9,49,
Tucker, Kyle,663656,2021,506,90,53,.294,.557,.358,92,282,14,83,
Cameron, Daz,663662,2021,103,38,10,.194,.359,.278,13,37,6,16,
India, Jonathan,663697,2021,532,141,71,.269,.459,.376,69,244,12,98,
Raleigh, Cal,663728,2021,139,52,7,.180,.309,.223,13,43,0,6,
Neidert, Nick,663734,2021,11,5,1,.000,.000,.083,0,0,0,0,
Fortes, Nick,663743,2021,31,8,3,.290,.677,.353,7,21,1,6,
Grisham, Trent,663757,2021,462,119,54,.242,.413,.326,62,191,13,61,
Woodford, Jake,663765,2021,18,9,0,.111,.111,.100,0,2,0,0,
Terry, Curtis,663799,2021,45,15,2,.089,.133,.146,1,6,0,3,
Vierling, Matt,663837,2021,71,20,4,.324,.479,.364,6,34,2,11,
Rivas III, Alfonso,663845,2021,44,16,4,.318,.409,.388,3,18,0,7,
Gonzalez, Romy,663853,2021,32,11,1,.250,.344,.273,2,11,0,4,
Stephenson, Tyler,663886,2021,350,75,41,.286,.431,.366,45,151,0,56,
Williams, Luke,663897,2021,98,23,10,.245,.316,.315,6,31,2,8,
Rodgers, Brendan,663898,2021,387,84,19,.284,.470,.328,51,182,0,49,
Blankenhorn, Travis,663905,2021,23,8,1,.174,.391,.208,4,9,0,4,
Paddack, Chris,663978,2021,35,26,1,.029,.029,.071,0,1,0,0,
Lowe, Nathaniel,663993,2021,557,162,80,.264,.415,.357,72,231,8,75,
Happ, Ian,664023,2021,465,156,62,.226,.434,.321,66,202,9,63,
France, Ty,664034,2021,571,106,46,.291,.445,.368,73,254,0,85,
Lowe, Brandon,664040,2021,535,167,68,.247,.523,.340,99,280,7,97,
Bader, Harrison,664056,2021,367,85,27,.267,.460,.324,50,169,9,45,
Stevenson, Andrew,664057,2021,192,61,13,.229,.339,.291,23,65,1,22,
Fletcher, David,664058,2021,626,60,31,.262,.324,.295,47,203,15,74,
Haggerty, Sam,664059,2021,86,28,6,.186,.291,.245,5,25,5,15,
Gonsolin, Tony,664062,2021,17,8,1,.176,.235,.211,0,4,0,2,
Kingery, Scott,664068,2021,19,12,0,.053,.053,.053,0,1,0,1,
Brubaker, JT,664141,2021,38,15,4,.079,.079,.163,3,3,0,0,
Lucchesi, Joey,664192,2021,10,7,1,.000,.000,.091,0,0,0,1,
Moore, Dylan,664238,2021,332,111,40,.181,.334,.276,43,111,21,42,
Garlick, Kyle,664247,2021,99,32,6,.232,.465,.280,10,46,1,17,
Florial, Estevan,664314,2021,20,6,5,.300,.550,.440,2,11,1,3,
Lopez, Alejo,664670,2021,23,5,0,.261,.261,.261,0,6,0,3,
Straw, Myles,664702,2021,564,121,67,.271,.348,.348,48,196,30,86,
Isbel, Kyle,664728,2021,76,23,7,.276,.434,.337,7,33,2,16,
Higgins, P.J.,664731,2021,23,8,2,.043,.043,.120,0,1,0,1,
Bohm, Alec,664761,2021,380,111,31,.247,.342,.305,47,130,4,46,
Wade Jr., LaMonte,664774,2021,336,89,33,.253,.482,.323,56,162,6,52,
Tom, Ka'ai,664789,2021,108,36,17,.139,.231,.278,12,25,1,10,
Mazeika, Patrick,664850,2021,79,18,4,.190,.266,.253,6,21,0,6,
Zavala, Seby,664874,2021,93,41,6,.183,.376,.231,15,35,0,15,
Mendick, Danny,664901,2021,164,42,18,.220,.287,.301,20,47,0,14,
Brown, Seth,664913,2021,281,89,23,.214,.480,.274,48,135,4,43,
McCarthy, Jake,664983,2021,59,23,8,.220,.373,.329,4,22,3,11,
Walsh, Jared,665120,2021,530,152,48,.277,.509,.340,98,270,2,70,
Maton, Nick,665155,2021,117,39,10,.256,.385,.321,14,45,2,16,
Celestino, Gilberto,665482,2021,59,14,3,.136,.288,.177,3,17,0,7,
Tatis Jr., Fernando,665487,2021,478,153,62,.282,.611,.364,97,292,25,99,
Guerrero Jr., Vladimir,665489,2021,604,110,86,.311,.601,.401,111,363,4,123,
Pache, Cristian,665506,2021,63,25,2,.111,.206,.147,4,13,0,6,
Marchan, Rafael,665561,2021,52,10,4,.231,.346,.286,4,18,0,7,
Soto, Juan,665742,2021,502,93,145,.313,.534,.465,95,268,9,111,
Taveras, Leody,665750,2021,174,60,9,.161,.270,.205,9,47,10,14,
Rivero, Sebastian,665861,2021,40,15,3,.175,.225,.250,3,9,0,1,
Chisholm Jr., Jazz,665862,2021,464,145,34,.248,.425,.302,53,197,23,70,
Gimenez, Andres,665926,2021,188,54,11,.218,.351,.281,16,66,11,23,
Anderson, Ian,666120,2021,37,29,1,.054,.081,.073,0,3,0,0,
Garrett, Braxton,666129,2021,11,4,0,.182,.182,.182,0,2,0,1,
Kirilloff, Alex,666135,2021,215,52,14,.251,.423,.299,34,91,1,23,
Lee, Khalil,666137,2021,18,13,0,.056,.111,.056,1,2,0,2,
Lux, Gavin,666158,2021,335,83,41,.242,.364,.328,46,122,4,49,
Moniak, Mickey,666160,2021,33,16,3,.091,.182,.162,3,6,0,3,
Rortvedt, Ben,666163,2021,89,29,6,.169,.281,.224,7,25,0,8,
Adell, Jo,666176,2021,130,32,8,.246,.408,.293,26,53,2,17,
Beer, Seth,666179,2021,9,3,1,.444,.889,.500,3,8,0,4,
Bichette, Bo,666182,2021,640,137,40,.298,.484,.343,102,310,25,121,
Carlson, Dylan,666185,2021,542,152,57,.266,.437,.342,65,237,2,79,
Kieboom, Carter,666198,2021,217,62,25,.207,.318,.301,20,69,0,26,
Luzardo, Jesus,666200,2021,15,6,4,.000,.000,.200,0,0,0,1,
Muller, Kyle,666205,2021,11,7,1,.091,.091,.154,0,1,0,0,
Trammell, Taylor,666211,2021,156,75,17,.160,.359,.253,18,56,2,23,
Welker, Colton,666213,2021,37,11,3,.189,.216,.250,2,8,0,7,
Castro, Rodolfo,666801,2021,86,27,6,.198,.395,.258,8,34,0,9,
Dalbec, Bobby,666915,2021,417,156,28,.240,.494,.298,78,206,2,50,
Oliva, Jared,666931,2021,40,10,3,.175,.225,.233,2,9,2,4,
Garcia, Adolis,666969,2021,581,194,32,.243,.454,.286,90,264,16,77,
Gurriel Jr., Lourdes,666971,2021,500,102,32,.276,.466,.318,84,233,1,62,
Rooker Jr., Brent,667670,2021,189,70,15,.201,.397,.291,16,75,0,25,
Arozarena, Randy,668227,2021,529,170,56,.274,.459,.356,69,243,20,94,
Barrera, Tres,668663,2021,91,22,12,.264,.385,.374,10,35,0,8,
Rogers, Jake,668670,2021,113,46,11,.239,.496,.299,17,56,1,17,
Gallen, Zac,668678,2021,32,18,1,.188,.250,.167,3,8,0,2,
Henry, Payton,668721,2021,15,5,1,.267,.333,.313,0,5,0,0,
Baddoo, Akil,668731,2021,413,122,45,.259,.436,.330,55,180,18,60,
Knizner, Andrew,668800,2021,161,39,20,.174,.236,.281,9,38,0,18,
Reynolds, Bryan,668804,2021,559,119,75,.302,.522,.390,90,292,5,93,
Kranick, Max,668820,2021,12,5,0,.000,.000,.000,0,0,0,0,
Rojas, Josh,668942,2021,484,137,58,.264,.411,.338,44,199,9,69,
Marsh, Brandon,669016,2021,236,91,20,.254,.356,.315,19,84,6,27,
Wilson, Bryse,669060,2021,21,9,0,.048,.048,.080,1,1,0,1,
Campusano, Luis,669134,2021,34,11,4,.088,.088,.184,1,3,0,0,
Burnes, Corbin,669203,2021,52,26,3,.154,.154,.186,4,8,0,1,
Murphy, Sean,669221,2021,393,114,40,.216,.405,.306,59,159,0,47,
Senzel, Nick,669222,2021,111,16,12,.252,.315,.323,8,35,2,18,
Edman, Tommy,669242,2021,641,95,38,.262,.387,.307,56,248,30,91,
Solak, Nick,669256,2021,458,107,34,.242,.362,.313,49,166,7,57,
Smith, Will,669257,2021,414,101,58,.258,.495,.365,76,205,3,71,
Johnson, Daniel,669288,2021,77,27,4,.221,.377,.259,5,29,1,9,
Espinal, Santiago,669289,2021,222,30,22,.311,.405,.374,17,90,6,32,
Hiura, Keston,669374,2021,173,77,14,.168,.301,.254,19,52,3,16,
Burger, Jake,669394,2021,38,15,4,.263,.474,.333,3,18,0,5,
Rogers, Trevor,669432,2021,43,27,1,.070,.070,.087,0,3,0,0,
Long, Sammy,669674,2021,10,4,0,.100,.100,.091,0,1,0,0,
Hays, Austin,669720,2021,488,107,28,.256,.461,.306,71,225,4,73,
White, Mitch,669952,2021,15,11,1,.000,.000,.063,0,0,0,1,
Lopez, Nicky,670032,2021,497,74,49,.300,.378,.358,43,188,22,78,
Raley, Luke,670042,2021,66,25,2,.182,.288,.250,4,19,0,5,
Heath, Nick,670084,2021,35,15,4,.143,.171,.231,1,6,0,3,
Short, Zack,670097,2021,156,59,22,.141,.282,.239,20,44,2,21,
Rojas, Jose,670351,2021,168,50,15,.208,.399,.277,15,67,2,26,
Young, Andrew,670370,2021,91,45,6,.209,.484,.298,15,44,0,13,
Alvarez, Yordan,670541,2021,537,145,50,.277,.531,.346,104,285,1,92,
Paredes, Isaac,670623,2021,72,11,10,.208,.319,.306,5,23,0,7,
Brosseau, Mike,670712,2021,150,53,15,.187,.347,.266,18,52,2,21,
Walls, Taylor,670764,2021,152,49,23,.211,.296,.313,15,45,4,15,
Gonzalez, Luis,670768,2021,8,2,3,.250,.500,.455,0,4,0,2,
Friedl Jr., TJ,670770,2021,31,2,4,.290,.419,.361,2,13,0,9,
Oviedo, Johan,670912,2021,20,9,2,.150,.150,.227,2,3,0,3,
Garcia, Luis,671277,2021,236,43,11,.242,.411,.275,22,97,0,29,
Kelenic, Jarred,672284,2021,337,106,36,.181,.350,.265,43,118,6,41,
Kirk, Alejandro,672386,2021,165,22,19,.242,.436,.328,24,72,0,19,
Perdomo, Geraldo,672695,2021,31,6,6,.258,.419,.378,1,13,0,5,
Devers, Jose,672701,2021,41,11,3,.244,.317,.304,5,13,0,7,
Marcano, Tucupita,672779,2021,44,9,6,.182,.205,.280,3,9,0,7,
Robert, Luis,673357,2021,275,61,14,.338,.567,.378,43,156,6,42,
Akiyama, Shogo,673451,2021,162,40,14,.204,.253,.279,12,41,2,16,
Kim, Ha-Seong,673490,2021,267,71,22,.202,.352,.268,34,94,6,27,
Miller, Brian,675649,2021,11,3,0,.273,.273,.273,0,3,0,1,
Smith, Kevin,675656,2021,32,11,3,.094,.188,.194,1,6,0,2,
Clement, Ernie,676391,2021,121,19,7,.231,.339,.278,9,41,0,16,
Barrero, Jose,676480,2021,50,17,3,.200,.320,.286,3,16,1,4,
Reks, Zach,676646,2021,10,7,0,.000,.000,.000,0,0,0,2,
Meyers, Jake,676694,2021,146,50,10,.260,.438,.319,28,64,3,22,
Trejo, Alan,676701,2021,46,15,3,.217,.326,.260,3,15,0,7,
McCormick, Chas,676801,2021,284,104,25,.257,.447,.319,50,127,4,47,
Peacock, Matt,676840,2021,16,4,1,.250,.250,.294,2,4,1,3,
Franco, Wander,677551,2021,281,37,24,.288,.463,.347,39,130,2,53,
Weathers, Ryan,677960,2021,27,7,1,.148,.259,.179,1,7,0,3,
Gray, Josiah,680686,2021,22,12,1,.045,.045,.083,0,1,0,0,
Duran, Jarren,680776,2021,107,40,4,.215,.336,.241,10,36,2,17,
Jeffers, Ryan,680777,2021,267,108,22,.199,.401,.270,35,107,0,28,
Miller, Owen,680911,2021,191,54,9,.204,.309,.243,18,59,2,17,
Vaughn, Andrew,683734,2021,417,101,41,.235,.396,.309,48,165,1,56,